keyword,search_volume,cpc,competition
descript pricing,1300,0.8,LOW
invideo ai pricing,1300,2.29,MEDIUM
opus clip pricing,880,5.95,LOW
tubebuddy vs vidiq,720,6.8,LOW
vidiq pricing,720,0.68,LOW
vidiq vs tubebuddy,720,6.8,LOW
invideo ai review,480,4.31,LOW
invideo pricing,480,1.69,MEDIUM
opus clip alternatives,480,5.42,MEDIUM
wistia pricing,390,15.17,MEDIUM
descript review,320,12.16,LOW
opus clip review,320,1.9,LOW
pictory pricing,320,2.28,MEDIUM
vidiq review,320,8.02,LOW
invideo review,260,3.66,LOW
tubebuddy pricing,260,2.61,MEDIUM
veed pricing,260,1.13,LOW
veed.io pricing,260,1.26,LOW
veed.io review,260,7.14,LOW
descript alternatives,210,13.03,MEDIUM
social blade alternatives,210,7.3,LOW
invideo ai alternatives,140,8.87,MEDIUM
invideo alternatives,140,12.55,LOW
socialblade alternatives,140,5.3,LOW
veed review,140,3.42,LOW
vidyard pricing,140,6.11,LOW
pictory review,110,9.92,LOW
tubebuddy review,110,10.55,LOW
veed alternatives,110,5.61,LOW
vidiq alternatives,110,6.35,MEDIUM
vidyard alternatives,90,20.52,LOW
wistia alternatives,90,19.12,LOW
pictory alternatives,70,13.39,LOW
vizard.ai pricing,50,1.75,LOW
vizard.ai review,50,2.66,LOW
descript vs,40,10.96,MEDIUM
opus clip vs,30,3.92,MEDIUM
subscribr.ai review,30,2,LOW
tubebuddy alternatives,30,6.97,MEDIUM
veed vs descript,30,4.1,MEDIUM
veed.io alternatives,30,3.5,LOW
vizard review,30,2.27,LOW
vizard.ai alternatives,30,4.73,LOW
wistia review,30,9.91,LOW
descript vs veed,20,2.57,LOW
gling pricing,20,8.96,LOW
invideo ai vs,20,1.68,HIGH
invideo vs,20,2.22,HIGH
keywordtool.io alternatives,20,0,LOW
keywordtool.io pricing,20,0,LOW
social blade pricing,20,0,LOW
tubegen pricing,20,12.36,LOW
vidyard review,20,0,LOW
vidyard vs wistia,20,0,LOW
vizard pricing,20,0,LOW
wistia vs vidyard,20,0,LOW
1of10 pricing,10,3.59,LOW
1of10 review,10,0.31,LOW
best invideo alternatives,10,13.73,MEDIUM
gling alternatives,10,0,MEDIUM
gling review,10,61.64,LOW
keywordtool.io review,10,0,LOW
keywordtool.io vs,10,0,
morningfame pricing,10,0,LOW
morningfame review,10,0,
noxinfluencer alternatives,10,0,MEDIUM
noxinfluencer review,10,0,
opus clip vs vizard,10,0,LOW
pictory vs,10,13.26,HIGH
rapidtags review,10,0,
social blade review,10,0,LOW
social blade vs,10,0,LOW
socialblade pricing,10,0,LOW
socialblade vs,10,0,LOW
subscribr pricing,10,1.95,LOW
subscribr review,10,0,LOW
subscribr.ai pricing,10,3.79,LOW
tubebuddy vs,10,14.89,LOW
tubegen review,10,0,LOW
tuberanker review,10,0,LOW
tubesift alternatives,10,0,MEDIUM
tubesift pricing,10,0,LOW
tubesift review,10,0,LOW
tubics alternatives,10,0,
tubics review,10,0,
veed vs,10,3.48,MEDIUM
veed.io vs,10,8.65,HIGH
vidiq vs,10,0,LOW
vidyard vs,10,0,HIGH
vimeo business pricing,10,0,LOW
vimeo business review,10,0,
vizard vs,10,0,LOW
vizard vs opus clip,10,0,LOW
vizard.ai vs,10,0,MEDIUM
wistia vs,10,20.35,HIGH
1of10 alternatives,0,0,
1of10 alternatives for business,0,0,
1of10 vs,0,0,
best 1of10 alternatives,0,0,
best descript alternatives,0,0,
best directai alternatives,0,0,
best gling alternatives,0,0,
best invideo ai alternatives,0,0,
best keywordtool.io alternatives,0,0,
best morningfame alternatives,0,0,
best noxinfluencer alternatives,0,0,
best opus clip alternatives,0,0,
best outlierkit alternatives,0,0,
best pictory alternatives,0,0,
best rapidtags alternatives,0,0,
best social blade alternatives,0,0,
best socialblade alternatives,0,0,
best subscribr alternatives,0,0,
best subscribr.ai alternatives,0,0,
best thumbly alternatives,0,0,
best thumbnailtest alternatives,0,0,
best tubebuddy alternatives,0,0,
best tubegen alternatives,0,0,
best tuberanker alternatives,0,0,
best tubesift alternatives,0,0,
best tubics alternatives,0,0,
best veed alternatives,0,0,
best veed.io alternatives,0,0,
best vidiq alternatives,0,0,
best vidyard alternatives,0,0,
best vimeo business alternatives,0,0,
best vizard alternatives,0,0,
best vizard.ai alternatives,0,0,
best wistia alternatives,0,0,
descript alternatives for business,0,0,
directai alternatives,0,0,
directai alternatives for business,0,0,
directai pricing,0,0,
directai review,0,0,
directai vs,0,0,
gling alternatives for business,0,0,
gling vs,0,0,
invideo ai alternatives for business,0,0,
invideo alternatives for business,0,0,
keywordtool.io alternatives for business,0,0,
morningfame alternatives,0,0,
morningfame alternatives for business,0,0,
morningfame vs,0,0,
noxinfluencer alternatives for business,0,0,
noxinfluencer pricing,0,0,
noxinfluencer vs,0,0,
opus clip alternatives for business,0,0,
outlierkit alternatives,0,0,
outlierkit alternatives for business,0,0,
outlierkit pricing,0,0,
outlierkit review,0,0,
outlierkit vs,0,0,
pictory alternatives for business,0,0,
rapidtags alternatives,0,0,
rapidtags alternatives for business,0,0,
rapidtags pricing,0,0,
rapidtags vs,0,0,
social blade alternatives for business,0,0,
socialblade alternatives for business,0,0,
socialblade review,0,0,
subscribr alternatives,0,0,
subscribr alternatives for business,0,0,
subscribr vs,0,0,
subscribr vs tubebuddy,0,0,
subscribr vs vidiq,0,0,
subscribr.ai alternatives,0,0,
subscribr.ai alternatives for business,0,0,
subscribr.ai vs,0,0,
thumbly alternatives,0,0,
thumbly alternatives for business,0,0,
thumbly pricing,0,0,
thumbly review,0,0,
thumbly vs,0,0,
thumbnailtest alternatives,0,0,
thumbnailtest alternatives for business,0,0,
thumbnailtest pricing,0,0,
thumbnailtest review,0,0,
thumbnailtest vs,0,0,
tubebuddy alternatives for business,0,0,
tubebuddy vs subscribr,0,0,
tubegen alternatives,0,0,
tubegen alternatives for business,0,0,
tubegen vs,0,0,
tuberanker alternatives,0,0,
tuberanker alternatives for business,0,0,
tuberanker pricing,0,0,
tuberanker vs,0,0,
tubesift alternatives for business,0,0,
tubesift vs,0,0,
tubics alternatives for business,0,0,
tubics pricing,0,0,
tubics vs,0,0,
veed alternatives for business,0,0,
veed.io alternatives for business,0,0,
vidiq alternatives for business,0,0,
vidiq vs subscribr,0,0,
vidyard alternatives for business,0,0,
vimeo business alternatives,0,0,
vimeo business alternatives for business,0,0,
vimeo business vs,0,0,
vizard alternatives,0,0,
vizard alternatives for business,0,0,
vizard.ai alternatives for business,0,0,
wistia alternatives for business,0,0,
