rank,keyword,search_volume,cpc_inr,keyword_difficulty,intent,cluster,content_type,target_slug,status,source,priority_score,search_volume_live,cpc_usd_live,volume_refreshed_at,kd_real,tier
1,youtube seo,50000,376.36,15,technical,youtube_seo,blog,youtube-seo-guide,not-started,sot_final,67.9,4400,5.55,2026-03-21,40,stretch
2,youtube seo optimization,50000,376.36,15,technical,youtube_seo,blog,youtube-seo-guide,not-started,sot_final,68.2,4400,5.55,2026-03-21,37,stretch
3,create a company youtube channel,50000,210.11,3,informational,youtube_general,blog,youtube-marketing-strategy,planned,sot_final,49.6,6600,3.42,2026-03-21,27,winnable
4,youtube marketing,5000,2423.72,20,informational,youtube_general,blog,youtube-marketing-strategy,planned,sot_final,47.7,880,19.57,2026-03-21,35,stretch
5,youtube marketing services,5000,1557.78,3,informational,youtube_general,blog,youtube-marketing-strategy,planned,sot_final,48.0,590,9.69,2026-03-21,31,stretch
6,youtube seo services,5000,1368.95,1,technical,youtube_seo,blog,youtube-seo-guide,not-started,sot_final,70.3,1600,8.5,2026-03-21,10,winnable
7,youtube video seo,5000,525.61,2,technical,youtube_seo,blog,youtube-seo-guide,not-started,sot_final,67.2,1300,3.21,2026-03-21,41,stretch
8,youtube video seo optimization,5000,525.61,2,technical,youtube_seo,blog,youtube-seo-guide,not-started,sot_final,66.8,1300,3.21,2026-03-21,45,stretch
9,youtube seo tools,5000,472.66,1,technical,youtube_seo,blog,youtube-seo-guide,not-started,sot_final,69.6,4400,6.31,2026-03-21,23,winnable
10,youtube metrics,5000,399.4,2,informational,youtube_general,blog,youtube-marketing-strategy,planned,sot_final,47.4,590,2.54,2026-03-21,37,stretch
11,youtube strategy,5000,295.55,18,strategic,youtube_general,blog,youtube-marketing-strategy,planned,sot_final,49.7,1600,6.24,2026-03-21,16,winnable
12,youtube analytics for other channels,5000,225.3,6,technical,youtube_general,blog,youtube-marketing-strategy,planned,sot_final,42.6,390,6.97,2026-03-21,25,winnable
13,youtube seo keywords,5000,209.94,13,technical,youtube_seo,blog,youtube-seo-guide,not-started,sot_final,67.6,140,1.59,2026-03-21,34,stretch
14,startup youtube,5000,182.4,1,informational,youtube_general,blog,youtube-marketing-strategy,planned,sot_final,46.8,10,,2026-03-21,42,stretch
15,check youtube channel,5000,64.03,1,technical,youtube_general,blog,youtube-marketing-strategy,planned,sot_final,40.1,170,0.75,2026-03-21,49,avoid
16,free youtube transcript generator,5000,129.53,18,informational,youtube_transcription_captions,blog,best-youtube-transcript-generators,live,sot_final,47.5,1300,1.76,2026-03-21,38,stretch
17,set up company youtube channel,5000,182.34,23,informational,youtube_general,blog,youtube-marketing-strategy,planned,sot_final,45.8,590,2.32,2026-03-21,53,avoid
18,youtube marketing company,500,3649.82,7,informational,youtube_general,blog,youtube-marketing-strategy,planned,sot_final,48.6,90,14.42,2026-03-21,24,winnable
19,youtube businesses,500,2780.79,7,informational,youtube_general,blog,youtube-marketing-strategy,planned,sot_final,46.9,390,16.17,2026-03-21,42,stretch
20,marketing agency youtube,500,1982.07,18,transactional,youtube_general,blog,youtube-marketing-strategy,planned,sot_final,59.8,260,30.79,2026-03-21,3,winnable
21,youtube marketing agency,500,1982.07,18,transactional,youtube_general,blog,youtube-marketing-strategy,planned,sot_final,59.4,260,30.79,2026-03-21,7,winnable
22,youtube video marketing,500,1790.71,2,informational,youtube_general,blog,youtube-marketing-strategy,planned,sot_final,47.1,320,16.49,2026-03-21,40,stretch
23,youtube business,500,1683.81,10,informational,youtube_growth_strategy,blog,create-youtube-channel-for-business,live,sot_final,60.4,390,16.17,2026-03-21,47,avoid
24,youtube seo company,500,1403.03,5,technical,youtube_seo,blog,youtube-seo-guide,not-started,sot_final,71.0,70,,2026-03-21,0,winnable
25,lead gen youtube,500,1338.97,12,informational,youtube_growth_strategy,blog,create-youtube-channel-for-business,live,sot_final,63.8,50,6.83,2026-03-21,12,winnable
26,youtube lead gen,500,1338.97,12,informational,youtube_growth_strategy,blog,create-youtube-channel-for-business,live,sot_final,64.4,50,6.83,2026-03-21,6,winnable
27,youtube seo agency,500,1338.7,1,transactional,youtube_seo,blog,youtube-seo-guide,not-started,sot_final,85.4,210,25.23,2026-03-21,6,winnable
28,youtube marketing strategy,500,1078.06,4,strategic,youtube_general,blog,youtube-marketing-strategy,planned,sot_final,49.4,320,6.96,2026-03-21,17,winnable
29,youtube business channel,500,860.09,6,informational,youtube_growth_strategy,blog,create-youtube-channel-for-business,live,sot_final,60.8,260,,2026-03-21,43,stretch
30,youtube content strategy,500,600.94,5,strategic,youtube_general,blog,youtube-marketing-strategy,planned,sot_final,50.5,110,22.53,2026-03-21,5,winnable
31,youtube seo expert,500,568.34,13,technical,youtube_seo,blog,youtube-seo-guide,not-started,sot_final,71.0,90,,2026-03-21,0,winnable
32,create youtube channel for business,500,555.89,30,informational,youtube_growth_strategy,blog,create-youtube-channel-for-business,live,sot_final,60.9,260,4.09,2026-03-21,42,stretch
33,youtube seo software,500,522.3,3,transactional,youtube_seo,blog,youtube-seo-guide,not-started,sot_final,83.3,140,3.92,2026-03-21,27,winnable
34,youtube seo strategy,500,483.18,3,technical,youtube_seo,blog,youtube-seo-guide,not-started,sot_final,67.9,140,3.75,2026-03-21,31,stretch
35,best tools for youtube seo,500,359.29,4,transactional,youtube_seo,blog,youtube-seo-guide,not-started,sot_final,84.8,90,10.53,2026-03-21,12,winnable
36,youtube growth strategy,500,357.07,17,strategic,youtube_growth_strategy,blog,create-youtube-channel-for-business,live,sot_final,63.3,70,3.85,2026-03-21,17,winnable
37,youtube seo best practices,500,345.5,3,transactional,youtube_seo,blog,youtube-seo-guide,not-started,sot_final,82.1,260,4.17,2026-03-21,40,stretch
38,youtube channel strategy,500,279.92,13,strategic,youtube_general,blog,youtube-marketing-strategy,planned,sot_final,49.0,50,6.95,2026-03-21,20,winnable
39,youtube analytics for other channels free,500,201.41,2,transactional,youtube_general,blog,youtube-marketing-strategy,planned,sot_final,58.5,70,14.37,2026-03-21,15,winnable
40,youtube seo guidelines,500,198.85,4,technical,youtube_seo,blog,youtube-seo-guide,not-started,sot_final,67.8,50,4.06,2026-03-21,32,stretch
41,youtube seo optimization tips,500,193.96,2,technical,youtube_seo,blog,youtube-seo-guide,not-started,sot_final,66.9,390,1.58,2026-03-21,42,stretch
42,youtube seo tips,500,193.96,2,technical,youtube_seo,blog,youtube-seo-guide,not-started,sot_final,66.9,390,1.58,2026-03-21,42,stretch
43,youtube marketing campaign,500,39.59,0,,youtube_marketing,blog,youtube-marketing-strategy,planned,sot_final,49.7,70,,2026-03-21,43,stretch
44,youtube video marketing services,500,11.29,1,informational,youtube_general,blog,youtube-marketing-strategy,planned,sot_final,47.5,90,,2026-03-21,35,stretch
45,b2b youtube,500,11.0,0,informational,b2b,blog,youtube-marketing-b2b,live,sot_final,76.8,70,,2026-03-21,2,winnable
46,youtube for b2b,500,11.0,0,informational,b2b,blog,youtube-marketing-b2b,live,sot_final,77.0,70,,2026-03-21,0,winnable
47,youtube agencies,500,9.0,0,transactional,youtube_general,blog,youtube-marketing-strategy,planned,sot_final,60.1,260,15.19,2026-03-21,0,winnable
48,youtube management agency,500,6.0,0,transactional,youtube_general,blog,youtube-marketing-strategy,planned,sot_final,59.7,30,16.69,2026-03-21,3,winnable
49,youtube digital marketing,500,6.0,0,informational,youtube_general,blog,youtube-marketing-strategy,planned,sot_final,47.6,40,3.79,2026-03-21,34,stretch
50,keyword research for youtube seo,500,0.0,1,technical,youtube_seo,blog,youtube-seo-guide,not-started,sot_final,67.0,260,,2026-03-21,41,stretch
51,youtube channel optimization and video seo,500,0.0,0,technical,youtube_seo,blog,youtube-seo-guide,not-started,sot_final,66.7,50,,2026-03-21,43,stretch
52,youtube marketing tools,500,0.0,0,informational,youtube_general,blog,youtube-marketing-strategy,planned,sot_final,50.1,480,8.81,2026-03-21,10,winnable
53,youtube video marketing company,500,0.0,0,informational,youtube_general,blog,youtube-marketing-strategy,planned,sot_final,49.7,50,,2026-03-21,13,winnable
54,youtube video seo service,500,0.0,1,transactional,youtube_seo,blog,youtube-seo-guide,not-started,sot_final,85.6,40,,2026-03-21,4,winnable
55,youtube marketing case study,500,0.0,0,informational,youtube_general,blog,youtube-marketing-strategy,planned,sot_final,48.1,20,,2026-03-21,29,winnable
56,best business channel on youtube,500,0.0,0,transactional,youtube_general,blog,youtube-marketing-strategy,planned,sot_final,60.0,70,,2026-03-21,0,winnable
57,using youtube for business,500,1307.19,2,informational,youtube_growth_strategy,blog,create-youtube-channel-for-business,live,sot_final,62.6,210,,2026-03-21,24,winnable
58,youtube premium for business,500,0.0,3,informational,youtube_growth_strategy,blog,create-youtube-channel-for-business,live,sot_final,60.7,70,,2026-03-21,43,stretch
59,youtube videos for business,500,963.0,4,informational,youtube_growth_strategy,blog,create-youtube-channel-for-business,live,sot_final,62.4,30,,2026-03-21,26,winnable
60,youtube ads for business,500,5211.32,6,informational,youtube_growth_strategy,blog,create-youtube-channel-for-business,live,sot_final,60.8,170,152.4,2026-03-21,42,stretch
61,youtube marketing companies,500,1344.32,10,informational,youtube_general,blog,youtube-marketing-strategy,planned,sot_final,51.0,90,14.42,2026-03-21,0,winnable
62,youtube for business,500,2625.87,12,informational,youtube_growth_strategy,blog,create-youtube-channel-for-business,live,sot_final,60.9,390,16.17,2026-03-21,42,stretch
63,content strategy youtube,500,472.73,16,strategic,youtube_general,blog,youtube-marketing-strategy,planned,sot_final,50.3,110,22.53,2026-03-21,7,winnable
64,youtube channel management agency,500,237.05,27,transactional,youtube_general,blog,youtube-marketing-strategy,planned,sot_final,60.0,30,8.83,2026-03-21,0,winnable
65,youtube talent agency,500,415.09,29,transactional,youtube_general,blog,youtube-marketing-strategy,planned,sot_final,58.7,50,3.32,2026-03-21,13,winnable
66,check youtube channel stats,500,93.88,1,technical,youtube_general,blog,youtube-marketing-strategy,planned,sot_final,42.6,70,3.47,2026-03-21,24,winnable
67,company youtube channel,500,761.72,3,informational,youtube_general,blog,youtube-marketing-strategy,planned,sot_final,47.8,260,,2026-03-21,33,stretch
68,brand youtube channel,500,471.78,5,informational,youtube_general,blog,youtube-marketing-strategy,planned,sot_final,47.6,170,3.2,2026-03-21,34,stretch
69,optimizing youtube channel,500,395.08,5,technical,youtube_general,blog,youtube-marketing-strategy,planned,sot_final,42.4,320,5.55,2026-03-21,27,winnable
70,optimize youtube channel,500,627.79,9,technical,youtube_general,blog,youtube-marketing-strategy,planned,sot_final,42.2,320,5.55,2026-03-21,29,winnable
71,youtube coach,500,321.65,22,transactional,youtube_general,blog,youtube-marketing-strategy,planned,sot_final,58.3,260,5.26,2026-03-21,18,winnable
72,youtube agency,500,1107.5,33,transactional,youtube_general,blog,youtube-marketing-strategy,planned,sot_final,58.0,260,15.19,2026-03-21,21,winnable
73,best youtube marketing,50,40.03,0,,youtube_marketing,blog,youtube-marketing-strategy,planned,sot_final,54.0,10,12.12,2026-03-21,,avoid
74,organic youtube marketing,50,39.36,0,,youtube_marketing,blog,youtube-marketing-strategy,planned,sot_final,54.0,10,,2026-03-21,,avoid
75,b2b youtube strategy,50,32.45,0,,youtube_marketing,blog,youtube-marketing-b2b,live,sot_final,54.0,10,,2026-03-21,,avoid
76,youtube for business marketing,50,29.29,0,,youtube_marketing,blog,youtube-marketing-strategy,planned,sot_final,50.6,50,,2026-03-21,34,stretch
77,youtube marketing for real estate,50,27.21,0,,youtube_marketing,blog,real-estate,not-started,sot_final,54.0,10,,2026-03-21,,avoid
78,youtube marketing online,50,23.65,0,,youtube_marketing,blog,youtube-marketing-strategy,planned,sot_final,47.2,10,,2026-03-21,68,avoid
79,youtube seo marketing,50,23.32,0,,youtube_marketing,blog,youtube-marketing-strategy,planned,sot_final,50.2,20,6.13,2026-03-21,38,stretch
80,youtube marketing consultant,50,21.98,0,,youtube_marketing,blog,youtube-marketing-agency-guide,not-started,sot_final,51.7,10,8.45,2026-03-21,23,winnable
81,youtube marketing specialist,50,21.71,0,,youtube_marketing,blog,youtube-marketing-agency-guide,not-started,sot_final,54.0,10,,2026-03-21,0,winnable
82,youtube marketing platform,50,17.01,0,,youtube_marketing,blog,youtube-marketing-strategy,planned,sot_final,47.8,10,,2026-03-21,62,avoid
83,best youtube marketing agencies,50,10.6,0,,youtube_marketing,blog,youtube-marketing-strategy,planned,sot_final,53.8,20,23.29,2026-03-21,2,winnable
84,best youtube marketing agency,50,10.6,0,,youtube_marketing,blog,youtube-marketing-agency-guide,not-started,sot_final,53.9,20,23.29,2026-03-21,1,winnable
85,youtube seo consultant,50,10.26,0,,youtube_marketing,blog,youtube-marketing-agency-guide,not-started,sot_final,49.3,10,30.5,2026-03-21,47,avoid
86,youtube video marketing agency,50,8.86,0,,youtube_marketing,blog,youtube-marketing-agency-guide,not-started,sot_final,53.4,20,,2026-03-21,6,winnable
87,youtube marketing packages,50,8.3,0,,youtube_marketing,blog,youtube-marketing-strategy,planned,sot_final,52.1,10,,2026-03-21,19,winnable
88,youtube video marketing strategy,50,6.34,0,,youtube_marketing,blog,youtube-marketing-strategy,planned,sot_final,47.6,10,,2026-03-21,64,avoid
89,youtube marketing cost,50,6.24,0,,youtube_marketing,blog,youtube-marketing-strategy,planned,sot_final,51.1,10,,2026-03-21,29,winnable
90,youtube marketing price,50,5.7,0,,youtube_marketing,blog,youtube-marketing-strategy,planned,sot_final,48.8,10,,2026-03-21,52,avoid
91,youtube marketing agency near me,50,4.06,0,,youtube_marketing,blog,youtube-marketing-agency-guide,not-started,sot_final,51.3,20,2.41,2026-03-21,27,winnable
92,learn youtube marketing,50,2.83,0,,youtube_marketing,blog,youtube-marketing-strategy,planned,sot_final,54.0,10,,2026-03-21,,avoid
93,youtube digital marketing agency,50,2.0,0,transactional,b2b,blog,youtube-marketing-b2b,live,sot_final,82.3,10,,2026-03-21,37,stretch
94,youtube marketing for beginners,50,1.11,0,,youtube_marketing,blog,youtube-marketing-strategy,planned,sot_final,47.7,10,,2026-03-21,63,avoid
95,youtube marketing services near me,50,0.62,0,,youtube_marketing,blog,youtube-marketing-strategy,planned,sot_final,49.0,10,,2026-03-21,50,avoid
96,best youtube marketing campaigns,50,0.0,0,,youtube_marketing,blog,youtube-marketing-strategy,planned,sot_final,54.0,10,,2026-03-21,,avoid
97,best youtube marketing companies,50,0.0,0,,youtube_marketing,blog,youtube-marketing-strategy,planned,sot_final,49.6,10,,2026-03-21,44,stretch
98,best youtube marketing services,50,0.0,0,,youtube_marketing,blog,youtube-marketing-strategy,planned,sot_final,53.5,20,,2026-03-21,5,winnable
99,best youtube marketing strategy,50,0.0,0,,youtube_marketing,blog,youtube-marketing-strategy,planned,sot_final,54.0,10,,2026-03-21,,avoid
100,cost of youtube marketing,50,0.0,0,,youtube_marketing,blog,youtube-marketing-strategy,planned,sot_final,49.1,10,,2026-03-21,49,avoid
101,digital marketing agency youtube,50,0.0,0,,youtube_marketing,blog,youtube-marketing-agency-guide,not-started,sot_final,50.3,10,,2026-03-21,37,stretch
102,digital marketing agency youtube video,50,0.0,0,,youtube_marketing,blog,youtube-marketing-agency-guide,not-started,sot_final,54.0,10,,2026-03-21,,avoid
103,ecommerce youtube marketing,50,0.0,0,,youtube_marketing,blog,ecommerce,not-started,sot_final,54.0,10,,2026-03-21,,avoid
104,successful youtube marketing campaigns,50,0.0,0,,youtube_marketing,blog,youtube-marketing-strategy,planned,sot_final,54.0,10,,2026-03-21,,avoid
105,top youtube marketing companies,50,0.0,0,,youtube_marketing,blog,youtube-marketing-strategy,planned,sot_final,54.0,10,,2026-03-21,,avoid
106,youtube marketing b2b,50,0.0,0,,youtube_marketing,blog,youtube-marketing-b2b,live,sot_final,49.7,10,,2026-03-21,43,stretch
107,youtube marketing best practices,50,0.0,0,,youtube_marketing,blog,youtube-marketing-strategy,planned,sot_final,48.7,10,,2026-03-21,53,avoid
108,youtube marketing content,50,0.0,0,,youtube_marketing,blog,youtube-marketing-strategy,planned,sot_final,51.7,10,,2026-03-21,23,winnable
109,youtube marketing firm,50,0.0,0,,youtube_marketing,blog,youtube-marketing-strategy,planned,sot_final,50.0,10,,2026-03-21,40,stretch
110,youtube marketing for b2b,50,0.0,0,,youtube_marketing,blog,youtube-marketing-b2b,live,sot_final,49.7,10,,2026-03-21,43,stretch
111,youtube marketing for ecommerce,50,0.0,0,,youtube_marketing,blog,ecommerce,not-started,sot_final,54.0,10,,2026-03-21,,avoid
112,youtube marketing for law firms,50,0.0,0,,youtube_marketing,blog,law-firms,not-started,sot_final,54.0,10,,2026-03-21,,avoid
113,youtube marketing for small business,50,0.0,0,,youtube_marketing,blog,small-business,not-started,sot_final,51.7,20,,2026-03-21,23,winnable
114,youtube marketing influencer,50,0.0,0,,youtube_marketing,blog,youtube-marketing-strategy,planned,sot_final,53.1,10,,2026-03-21,9,winnable
115,youtube marketing near me,50,0.0,0,,youtube_marketing,blog,youtube-marketing-strategy,planned,sot_final,54.0,10,5.6,2026-03-21,,avoid
116,youtube marketing secrets,50,0.0,0,,youtube_marketing,blog,youtube-marketing-strategy,planned,sot_final,49.0,10,,2026-03-21,50,avoid
117,youtube video seo marketing,50,0.0,0,,youtube_marketing,blog,youtube-marketing-strategy,planned,sot_final,48.1,10,,2026-03-21,59,avoid
118,youtube video seo services,50,0.0,0,,youtube_marketing,blog,youtube-marketing-strategy,planned,sot_final,54.0,40,,2026-03-21,0,winnable
119,youtube for b2b marketing,50,0.0,0,informational,b2b,blog,youtube-marketing-b2b,live,sot_final,72.7,10,,2026-03-21,43,stretch
120,b2b youtube channels,50,0.0,0,informational,b2b,blog,youtube-marketing-b2b,live,sot_final,77.0,10,,2026-03-21,,avoid
121,best b2b youtube channels,50,0.0,0,informational,b2b,blog,youtube-marketing-b2b,live,sot_final,77.0,10,,2026-03-21,,avoid
122,open youtube account for business,50,0.0,0,informational,youtube_growth_strategy,blog,create-youtube-channel-for-business,live,sot_final,60.8,10,,2026-03-21,42,stretch
123,set up a youtube account for business,50,0.0,0,informational,youtube_growth_strategy,blog,create-youtube-channel-for-business,live,sot_final,61.6,30,,2026-03-21,34,stretch
124,setting up a youtube business channel,50,0.0,0,informational,youtube_growth_strategy,blog,create-youtube-channel-for-business,live,sot_final,60.1,10,,2026-03-21,49,avoid
125,youtube business case study,50,0.0,0,informational,youtube_growth_strategy,blog,create-youtube-channel-for-business,live,sot_final,59.8,10,,2026-03-21,52,avoid
126,youtube create account for business,50,0.0,0,informational,youtube_growth_strategy,blog,create-youtube-channel-for-business,live,sot_final,60.3,10,,2026-03-21,47,avoid
127,best youtube channel for business case study,50,0.0,0,transactional,youtube_growth_strategy,blog,create-youtube-channel-for-business,live,sot_final,74.0,10,,2026-03-21,,avoid
128,companies that use youtube for marketing,50,0.0,0,informational,youtube_general,blog,youtube-marketing-strategy,planned,sot_final,46.3,10,,2026-03-21,47,avoid
129,best business channel,50,0.0,1,transactional,video_marketing_general,blog,the-youtube-acquisition-engine,live,sot_final,56.7,10,,2026-03-21,33,stretch
130,small business youtube channels,50,0.0,1,informational,youtube_general,blog,youtube-marketing-strategy,planned,sot_final,48.7,10,,2026-03-21,23,winnable
131,top business channel on youtube,50,0.0,1,transactional,youtube_general,blog,youtube-marketing-strategy,planned,sot_final,59.9,20,,2026-03-21,,avoid
132,youtube for business pricing,50,0.0,2,informational,youtube_growth_strategy,blog,create-youtube-channel-for-business,live,sot_final,59.8,10,,2026-03-21,52,avoid
133,private youtube channel for business,50,0.0,2,informational,youtube_growth_strategy,blog,create-youtube-channel-for-business,live,sot_final,64.8,10,,2026-03-21,,avoid
134,meta for business youtube,50,0.0,3,informational,youtube_general,blog,youtube-marketing-strategy,planned,sot_final,50.7,10,,2026-03-21,,avoid
135,youtube small business,50,0.0,4,informational,youtube_growth_strategy,blog,create-youtube-channel-for-business,live,sot_final,61.3,30,,2026-03-21,37,stretch
136,youtube for enterprise,50,0.0,4,informational,youtube_general,blog,youtube-marketing-strategy,planned,sot_final,45.4,10,,2026-03-21,56,avoid
137,how to check youtube analytics of other channels,50,53.22,5,technical,youtube_general,blog,youtube-marketing-strategy,planned,sot_final,38.7,10,,2026-03-21,63,avoid
138,how to see youtube analytics for other channels,50,195.43,5,technical,youtube_general,blog,youtube-marketing-strategy,planned,sot_final,43.5,40,1.05,2026-03-21,15,winnable
139,youtube for internal business use,50,0.0,7,informational,youtube_growth_strategy,blog,create-youtube-channel-for-business,live,sot_final,60.0,10,,2026-03-21,50,avoid
140,youtube for small business,50,784.2,8,informational,youtube_growth_strategy,blog,create-youtube-channel-for-business,live,sot_final,62.3,40,,2026-03-21,27,winnable
141,youtube startup video,50,0.0,10,informational,youtube_general,blog,youtube-marketing-strategy,planned,sot_final,45.1,10,,2026-03-21,59,avoid
142,youtube for companies,50,0.0,10,informational,youtube_general,blog,youtube-marketing-strategy,planned,sot_final,41.0,10,,2026-03-21,100,avoid
143,small business videos youtube,50,0.0,10,informational,youtube_general,blog,youtube-marketing-strategy,planned,sot_final,44.2,10,,2026-03-21,68,avoid
144,youtube create a business channel,50,0.0,11,informational,youtube_growth_strategy,blog,create-youtube-channel-for-business,live,sot_final,63.9,10,,2026-03-21,,avoid
145,youtube channel startup,50,348.08,11,informational,youtube_general,blog,youtube-marketing-strategy,planned,sot_final,43.5,10,1.82,2026-03-21,75,avoid
146,startup youtube channel,50,348.08,11,informational,youtube_general,blog,youtube-marketing-strategy,planned,sot_final,43.5,10,1.82,2026-03-21,75,avoid
147,youtube for your business,50,0.0,14,informational,youtube_growth_strategy,blog,create-youtube-channel-for-business,live,sot_final,58.1,10,,2026-03-21,69,avoid
148,youtube business channel create,50,0.0,14,informational,youtube_growth_strategy,blog,create-youtube-channel-for-business,live,sot_final,60.0,10,,2026-03-21,50,avoid
149,starting a youtube channel for business,50,70.3,16,informational,youtube_growth_strategy,blog,create-youtube-channel-for-business,live,sot_final,58.6,10,1.51,2026-03-21,64,avoid
150,setting up youtube for business,50,0.0,26,informational,youtube_growth_strategy,blog,create-youtube-channel-for-business,live,sot_final,62.4,10,,2026-03-21,,avoid
151,create a youtube page for business,50,2308.25,28,informational,youtube_growth_strategy,blog,create-youtube-channel-for-business,live,sot_final,62.2,10,5.01,2026-03-21,,avoid
152,small scale business youtube,50,0.0,0,informational,youtube_growth_strategy,blog,create-youtube-channel-for-business,live,sot_final,65.0,0,,2026-03-21,,avoid
153,youtube marketing service youtube stores,50,0.0,0,transactional,youtube_general,blog,youtube-marketing-strategy,planned,sot_final,60.0,0,,2026-03-21,,avoid
154,youtube stores youtube marketing service,50,0.0,0,transactional,youtube_general,blog,youtube-marketing-strategy,planned,sot_final,60.0,0,,2026-03-21,,avoid
155,youtube ad script,50,0.0,0,informational,youtube_ads,blog,youtube-ads-guide,not-started,sot_final,37.0,20,13.17,2026-03-21,0,winnable
156,brand new youtube channel,50,0.0,0,informational,youtube_general,blog,youtube-marketing-strategy,planned,sot_final,43.1,10,,2026-03-21,79,avoid
157,create brand account youtube channel,50,0.0,0,informational,youtube_general,blog,youtube-marketing-strategy,planned,sot_final,51.0,10,,2026-03-21,,avoid
158,youtube channel marketing agency,50,0.0,0,transactional,youtube_general,blog,youtube-marketing-strategy,planned,sot_final,60.0,20,,2026-03-21,0,winnable
159,seo youtube agency,50,0.0,0,transactional,youtube_general,blog,youtube-marketing-strategy,planned,sot_final,60.0,10,24.37,2026-03-21,,avoid
160,youtube saas,50,0.0,0,transactional,youtube_general,blog,youtube-marketing-strategy,planned,sot_final,56.2,20,,2026-03-21,38,stretch
161,search engine optimization for youtube channel,50,0.0,0,technical,youtube_seo,blog,youtube-seo-guide,not-started,sot_final,71.0,10,7.12,2026-03-21,,avoid
162,ways to improve your youtube channel,50,0.0,0,technical,youtube_general,blog,youtube-marketing-strategy,planned,sot_final,45.0,10,,2026-03-21,,avoid
163,youtube channel improve,50,0.0,0,technical,youtube_general,blog,youtube-marketing-strategy,planned,sot_final,45.0,10,4.38,2026-03-21,,avoid
164,check youtube channel performance,50,0.0,0,technical,youtube_general,blog,youtube-marketing-strategy,planned,sot_final,45.0,10,0.06,2026-03-21,,avoid
165,youtube video structure,50,0.0,2,informational,youtube_general,blog,youtube-marketing-strategy,planned,sot_final,49.4,20,,2026-03-21,16,winnable
166,real estate marketing youtube,50,0.0,3,transactional,youtube_general,blog,youtube-marketing-strategy,planned,sot_final,60.0,20,,2026-03-21,0,winnable
167,youtube real estate marketing,50,0.0,3,transactional,youtube_general,blog,youtube-marketing-strategy,planned,sot_final,60.0,20,,2026-03-21,0,winnable
168,check youtube channel analytics,50,0.0,3,technical,youtube_general,blog,youtube-marketing-strategy,planned,sot_final,44.7,10,,2026-03-21,,avoid
169,check youtube channel statistics,50,0.0,4,technical,youtube_general,blog,youtube-marketing-strategy,planned,sot_final,44.6,10,2.45,2026-03-21,,avoid
170,check seo of youtube channel,50,0.0,4,technical,youtube_general,blog,youtube-marketing-strategy,planned,sot_final,44.6,10,8.03,2026-03-21,,avoid
171,check youtube channel traffic,50,0.0,10,technical,youtube_general,blog,youtube-marketing-strategy,planned,sot_final,44.0,10,,2026-03-21,,avoid
172,youtube seo audit,50,0.0,11,technical,youtube_seo,blog,youtube-seo-guide,not-started,sot_final,67.3,50,,2026-03-21,37,stretch
173,free youtube video transcript generator,50,168.73,19,informational,youtube_transcription_captions,blog,best-youtube-transcript-generators,live,sot_final,47.2,70,1.78,2026-03-21,38,stretch
174,scripting a youtube video,50,225.14,23,informational,youtube_general,blog,youtube-marketing-strategy,planned,sot_final,48.8,20,,2026-03-21,22,winnable
175,youtube channel growth agency,50,741.22,24,transactional,youtube_growth_strategy,blog,create-youtube-channel-for-business,live,sot_final,74.0,10,8.29,2026-03-21,0,winnable
176,optimize your youtube channel,50,239.81,29,technical,youtube_general,blog,youtube-marketing-strategy,planned,sot_final,42.1,10,,2026-03-21,,avoid
177,improve youtube channel,50,256.05,32,technical,youtube_general,blog,youtube-marketing-strategy,planned,sot_final,41.4,10,5.37,2026-03-21,36,stretch
178,youtube content agency,50,722.17,35,transactional,youtube_general,blog,youtube-marketing-strategy,planned,sot_final,56.0,10,17.06,2026-03-21,40,stretch
179,create a youtube channel business,50,200.15,37,informational,youtube_growth_strategy,blog,create-youtube-channel-for-business,live,sot_final,60.0,10,,2026-03-21,50,avoid
180,create a youtube channel for your business,50,632.46,37,informational,youtube_growth_strategy,blog,create-youtube-channel-for-business,live,sot_final,57.8,10,,2026-03-21,72,avoid
181,youtube promotion agency,50,724.77,39,transactional,youtube_general,blog,youtube-marketing-strategy,planned,sot_final,56.9,50,8.2,2026-03-21,31,stretch
182,youtube channel promotion agency,50,0.0,0,transactional,youtube_general,blog,youtube-marketing-strategy,planned,sot_final,60.0,10,,2026-03-21,,avoid
183,youtube ecommerce marketing,50,0.0,0,transactional,youtube_general,blog,youtube-marketing-strategy,planned,sot_final,55.7,10,,2026-03-21,43,stretch
184,ways to improve youtube channel,50,0.0,0,technical,youtube_general,blog,youtube-marketing-strategy,planned,sot_final,38.2,10,0.93,2026-03-21,68,avoid
185,youtube shorts agency,50,642.64,11,transactional,youtube_shorts_strategy,blog,youtube-shorts-for-business,not-started,sot_final,58.9,10,,2026-03-21,,avoid
186,youtube shorts for business,50,899.29,15,transactional,youtube_shorts_strategy,blog,youtube-shorts-for-business,not-started,sot_final,60.0,20,,2026-03-21,0,winnable
187,youtube shorts business,50,287.15,18,transactional,youtube_shorts_strategy,blog,youtube-shorts-for-business,not-started,sot_final,57.1,10,0.14,2026-03-21,29,winnable
188,youtube analytics business,0,0.0,0,technical,youtube_growth_strategy,blog,create-youtube-channel-for-business,live,sot_final,59.0,,,2026-03-21,,avoid
189,youtube script,5000,367.15,1,informational,video_production,tool,youtube-script-generator,not-started,sot_final,37.5,1600,3.49,2026-03-21,18,winnable
190,youtube analytics dashboard,5000,620.26,2,technical,youtube_analytics,tool,youtube-analytics-tool,not-started,sot_final,57.7,210,7.76,2026-03-21,33,stretch
191,youtube script generator,5000,76.69,5,informational,video_production,tool,youtube-script-generator,not-started,sot_final,35.9,880,3.75,2026-03-21,33,stretch
192,youtube video script generator,5000,119.48,6,informational,video_production,tool,youtube-script-generator,not-started,sot_final,35.6,260,2.34,2026-03-21,35,stretch
193,youtube ai tool,5000,164.47,16,transactional,youtube_automation,tool,youtube-ai-tools,not-started,sot_final,72.8,170,2.75,2026-03-21,32,stretch
194,ai tools for youtube,5000,127.82,36,transactional,youtube_automation,tool,youtube-ai-tools,not-started,sot_final,71.8,70,3.65,2026-03-21,42,stretch
195,ai tool for youtube,5000,127.82,36,transactional,youtube_automation,tool,youtube-ai-tools,not-started,sot_final,73.0,70,3.65,2026-03-21,30,winnable
196,best ai tools for youtube,5000,224.12,38,transactional,youtube_automation,tool,youtube-ai-tools,not-started,sot_final,75.1,40,,2026-03-21,9,winnable
197,youtube video analytics for other channels,500,218.3,5,technical,youtube_analytics,tool,youtube-analytics-tool,not-started,sot_final,56.2,10,,2026-03-21,48,avoid
198,script for a youtube video,500,236.39,2,informational,video_production,tool,youtube-script-generator,not-started,sot_final,38.1,480,1.46,2026-03-21,10,winnable
199,youtube video script,500,236.39,2,informational,video_production,tool,youtube-script-generator,not-started,sot_final,37.3,480,1.46,2026-03-21,18,winnable
200,youtube script video,500,236.39,2,informational,video_production,tool,youtube-script-generator,not-started,sot_final,36.7,480,1.46,2026-03-21,24,winnable
201,youtube script generator free,500,115.14,6,informational,video_production,tool,youtube-script-generator,not-started,sot_final,35.2,50,4.42,2026-03-21,38,stretch
202,youtube video script generator free,500,95.58,6,informational,video_production,tool,youtube-script-generator,not-started,sot_final,35.2,50,0.01,2026-03-21,38,stretch
203,youtube script writer,500,391.39,16,informational,video_production,tool,youtube-script-generator,not-started,sot_final,38.0,210,4.78,2026-03-21,10,winnable
204,youtube script writers,500,391.39,16,informational,video_production,tool,youtube-script-generator,not-started,sot_final,38.0,210,4.78,2026-03-21,10,winnable
205,youtube script generator ai,500,40.11,17,informational,youtube_automation,tool,youtube-ai-tools,not-started,sot_final,65.6,70,3.68,2026-03-21,14,winnable
206,get script from youtube video,500,200.05,17,informational,video_production,tool,youtube-script-generator,not-started,sot_final,37.4,110,1.52,2026-03-21,16,winnable
207,ai youtube script generator,500,185.19,24,informational,youtube_automation,tool,youtube-ai-tools,not-started,sot_final,63.6,90,5.4,2026-03-21,34,stretch
208,free ai tools for youtube,500,78.4,36,transactional,youtube_automation,tool,youtube-ai-tools,not-started,sot_final,73.9,10,1.35,2026-03-21,21,winnable
209,view other youtube channel analytics,50,0.0,0,technical,youtube_analytics,tool,youtube-analytics-tool,not-started,sot_final,61.0,10,,2026-03-21,,avoid
210,other youtube channel analytics,50,0.0,0,technical,youtube_analytics,tool,youtube-analytics-tool,not-started,sot_final,58.5,10,,2026-03-21,25,winnable
211,youtube analytics for other videos,50,0.0,0,technical,youtube_analytics,tool,youtube-analytics-tool,not-started,sot_final,56.2,10,,2026-03-21,48,avoid
212,youtube analytics for other channels reddit,50,0.0,0,technical,youtube_analytics,tool,youtube-analytics-tool,not-started,sot_final,55.8,10,,2026-03-21,52,avoid
213,how to check other youtubers analytics,50,0.0,0,technical,youtube_analytics,tool,youtube-analytics-tool,not-started,sot_final,61.0,10,,2026-03-21,,avoid
214,view youtube analytics for other channels,50,0.0,1,technical,youtube_analytics,tool,youtube-analytics-tool,not-started,sot_final,60.9,10,0.64,2026-03-21,,avoid
215,how to see other youtube channel stats,50,0.0,2,technical,youtube_analytics,tool,youtube-analytics-tool,not-started,sot_final,60.8,10,,2026-03-21,,avoid
216,can you see other youtubers analytics,50,0.0,2,technical,youtube_analytics,tool,youtube-analytics-tool,not-started,sot_final,60.8,10,,2026-03-21,,avoid
217,how to view other youtubers analytics,50,0.0,4,technical,youtube_analytics,tool,youtube-analytics-tool,not-started,sot_final,56.0,10,,2026-03-21,50,avoid
218,how to view other youtube channel analytics,50,0.0,6,technical,youtube_analytics,tool,youtube-analytics-tool,not-started,sot_final,60.4,10,5.13,2026-03-21,,avoid
219,how to see other youtube channel analytics,50,0.0,6,technical,youtube_analytics,tool,youtube-analytics-tool,not-started,sot_final,59.5,10,1.09,2026-03-21,15,winnable
220,free youtube analytics for other channels,50,0.0,7,technical,youtube_analytics,tool,youtube-analytics-tool,not-started,sot_final,59.5,10,,2026-03-21,15,winnable
221,how to see other youtubers analytics,50,0.0,8,technical,youtube_analytics,tool,youtube-analytics-tool,not-started,sot_final,56.5,10,14.76,2026-03-21,45,stretch
222,youtube analytics tool for other channels,50,0.0,11,technical,youtube_analytics,tool,youtube-analytics-tool,not-started,sot_final,56.5,10,,2026-03-21,45,stretch
223,how to check other youtube channel analytics,50,89.8,11,technical,youtube_analytics,tool,youtube-analytics-tool,not-started,sot_final,54.7,10,,2026-03-21,63,avoid
224,how to analyse other youtube channel,50,0.0,12,technical,youtube_analytics,tool,youtube-analytics-tool,not-started,sot_final,59.8,10,,2026-03-21,,avoid
225,how to analyze other youtube channel,50,0.0,12,technical,youtube_analytics,tool,youtube-analytics-tool,not-started,sot_final,59.8,10,,2026-03-21,,avoid
226,how to check other channels analytics,50,41.92,13,technical,youtube_analytics,tool,youtube-analytics-tool,not-started,sot_final,59.7,10,,2026-03-21,,avoid
227,how to see other channels analytics,50,0.0,13,technical,youtube_analytics,tool,youtube-analytics-tool,not-started,sot_final,59.7,10,,2026-03-21,,avoid
228,youtube script writing app,50,0.0,0,informational,youtube_tools_software,tool,youtube-channel-audit-tool,not-started,sot_final,62.0,10,,2026-03-21,50,avoid
229,youtube channel introduction script example,50,0.0,0,informational,video_production,tool,youtube-script-generator,not-started,sot_final,33.3,10,,2026-03-21,57,avoid
230,youtube video intro script,50,0.0,0,informational,video_production,tool,youtube-script-generator,not-started,sot_final,39.0,10,,2026-03-21,,avoid
231,youtube script online,50,0.0,0,informational,video_production,tool,youtube-script-generator,not-started,sot_final,39.0,10,,2026-03-21,,avoid
232,youtube script writing tips,50,0.0,0,informational,video_production,tool,youtube-script-generator,not-started,sot_final,34.0,10,,2026-03-21,50,avoid
233,youtube channel script,50,0.0,0,informational,video_production,tool,youtube-script-generator,not-started,sot_final,34.0,10,,2026-03-21,50,avoid
234,youtube ads script,50,0.0,0,informational,video_production,tool,youtube-script-generator,not-started,sot_final,39.0,20,13.17,2026-03-21,0,winnable
235,youtube channel trailer script,50,0.0,0,informational,video_production,tool,youtube-script-generator,not-started,sot_final,34.5,10,,2026-03-21,45,stretch
236,first youtube video script,50,0.0,0,informational,video_production,tool,youtube-script-generator,not-started,sot_final,39.0,10,,2026-03-21,,avoid
237,example of a youtube script,50,0.0,0,informational,video_production,tool,youtube-script-generator,not-started,sot_final,39.0,10,,2026-03-21,,avoid
238,example of youtube script,50,0.0,0,informational,video_production,tool,youtube-script-generator,not-started,sot_final,39.0,10,,2026-03-21,0,winnable
239,example script for youtube video,50,0.0,0,informational,video_production,tool,youtube-script-generator,not-started,sot_final,39.0,20,,2026-03-21,0,winnable
240,best youtube intro script,50,0.0,0,informational,video_production,tool,youtube-script-generator,not-started,sot_final,39.0,10,,2026-03-21,,avoid
241,youtube video script generator online,50,0.0,0,informational,video_production,tool,youtube-script-generator,not-started,sot_final,39.0,10,,2026-03-21,,avoid
242,free youtube script,50,0.0,0,informational,video_production,tool,youtube-script-generator,not-started,sot_final,33.6,20,3.36,2026-03-21,54,avoid
243,youtube video script format,50,0.0,0,informational,video_production,tool,youtube-script-generator,not-started,sot_final,39.0,10,,2026-03-21,,avoid
244,youtube script writing examples,50,0.0,0,informational,video_production,tool,youtube-script-generator,not-started,sot_final,39.0,10,,2026-03-21,,avoid
245,youtube channel introduction script,50,0.0,0,informational,video_production,tool,youtube-script-generator,not-started,sot_final,37.4,10,,2026-03-21,16,winnable
246,youtube vlog script,50,0.0,0,informational,video_production,tool,youtube-script-generator,not-started,sot_final,33.6,30,,2026-03-21,54,avoid
247,youtube outro script example,50,0.0,0,informational,video_production,tool,youtube-script-generator,not-started,sot_final,39.0,10,,2026-03-21,,avoid
248,script for first youtube video,50,0.0,0,informational,video_production,tool,youtube-script-generator,not-started,sot_final,39.0,10,,2026-03-21,,avoid
249,youtube outro script,50,0.0,0,informational,video_production,tool,youtube-script-generator,not-started,sot_final,36.7,10,,2026-03-21,23,winnable
250,best script for youtube video,50,0.0,0,informational,video_production,tool,youtube-script-generator,not-started,sot_final,39.0,10,,2026-03-21,,avoid
251,youtube intro script example,50,0.0,0,informational,video_production,tool,youtube-script-generator,not-started,sot_final,33.5,10,,2026-03-21,55,avoid
252,youtube intro script,50,0.0,0,informational,video_production,tool,youtube-script-generator,not-started,sot_final,38.3,30,,2026-03-21,7,winnable
253,youtube script format,50,0.0,0,informational,video_production,tool,youtube-script-generator,not-started,sot_final,39.0,30,,2026-03-21,0,winnable
254,youtube script example,50,0.0,0,informational,video_production,tool,youtube-script-generator,not-started,sot_final,39.0,50,,2026-03-21,0,winnable
255,best youtube script,50,0.0,0,informational,video_production,tool,youtube-script-generator,not-started,sot_final,39.0,10,,2026-03-21,,avoid
256,youtube video script example,50,0.0,1,informational,video_production,tool,youtube-script-generator,not-started,sot_final,39.0,40,,2026-03-21,0,winnable
257,youtube video script generator ai,50,0.0,2,informational,youtube_automation,tool,youtube-ai-tools,not-started,sot_final,65.7,40,,2026-03-21,13,winnable
258,write a youtube script,50,0.0,2,informational,video_production,tool,youtube-script-generator,not-started,sot_final,38.6,40,12.21,2026-03-21,4,winnable
259,youtube short script,50,0.0,2,informational,video_production,tool,youtube-script-generator,not-started,sot_final,38.8,20,,2026-03-21,,avoid
260,youtube script outline,50,0.0,2,informational,video_production,tool,youtube-script-generator,not-started,sot_final,38.8,20,,2026-03-21,,avoid
261,youtube video script generator in hindi,50,0.0,2,informational,video_production,tool,youtube-script-generator,not-started,sot_final,38.8,10,,2026-03-21,,avoid
262,get youtube script,50,0.0,2,informational,video_production,tool,youtube-script-generator,not-started,sot_final,35.9,40,2.91,2026-03-21,31,stretch
263,get youtube video script,50,0.0,2,informational,video_production,tool,youtube-script-generator,not-started,sot_final,38.8,20,1.62,2026-03-21,,avoid
264,free youtube video script,50,0.0,3,informational,video_production,tool,youtube-script-generator,not-started,sot_final,38.7,10,,2026-03-21,,avoid
265,youtube script converter,50,122.96,3,informational,video_production,tool,youtube-script-generator,not-started,sot_final,35.7,30,0.36,2026-03-21,33,stretch
266,get script youtube video,50,0.0,4,informational,video_production,tool,youtube-script-generator,not-started,sot_final,38.6,10,,2026-03-21,,avoid
267,write a script for youtube video,50,127.29,5,informational,video_production,tool,youtube-script-generator,not-started,sot_final,39.0,50,2.99,2026-03-21,0,winnable
268,writing a script for a youtube video,50,127.29,5,informational,video_production,tool,youtube-script-generator,not-started,sot_final,38.5,50,2.99,2026-03-21,5,winnable
269,video script youtube,50,0.0,5,informational,video_production,tool,youtube-script-generator,not-started,sot_final,36.8,10,,2026-03-21,22,winnable
270,script of youtube video,50,140.28,6,informational,video_production,tool,youtube-script-generator,not-started,sot_final,35.7,40,1.28,2026-03-21,33,stretch
271,youtube script maker,50,0.0,6,informational,video_production,tool,youtube-script-generator,not-started,sot_final,33.6,20,1.58,2026-03-21,54,avoid
272,youtube script writing software,50,0.0,7,informational,youtube_tools_software,tool,youtube-channel-audit-tool,not-started,sot_final,66.3,10,,2026-03-21,,avoid
273,youtube content script,50,0.0,7,informational,video_production,tool,youtube-script-generator,not-started,sot_final,33.6,10,,2026-03-21,54,avoid
274,youtube video script ai,50,0.0,9,informational,youtube_automation,tool,youtube-ai-tools,not-started,sot_final,66.1,10,,2026-03-21,,avoid
275,script of a youtube video,50,0.0,9,informational,video_production,tool,youtube-script-generator,not-started,sot_final,36.8,10,,2026-03-21,22,winnable
276,youtube channel audit tool,50,430.98,10,technical,youtube_tools_software,tool,youtube-channel-audit-tool,not-started,sot_final,57.1,10,5.43,2026-03-21,39,stretch
277,get script of youtube video,50,178.38,11,informational,video_production,tool,youtube-script-generator,not-started,sot_final,37.9,20,1.17,2026-03-21,,avoid
278,youtube script ai,50,357.62,14,informational,youtube_automation,tool,youtube-ai-tools,not-started,sot_final,63.5,40,,2026-03-21,35,stretch
279,ai youtube script,50,0.0,16,informational,youtube_automation,tool,youtube-ai-tools,not-started,sot_final,64.8,10,2,2026-03-21,22,winnable
280,youtube video script writer,50,0.0,16,informational,video_production,tool,youtube-script-generator,not-started,sot_final,38.5,20,,2026-03-21,5,winnable
281,script from youtube video,50,170.58,16,informational,video_production,tool,youtube-script-generator,not-started,sot_final,38.3,90,1.17,2026-03-21,7,winnable
282,youtube script ai writer,50,0.0,17,informational,youtube_automation,tool,youtube-ai-tools,not-started,sot_final,64.9,10,,2026-03-21,21,winnable
283,free ai youtube script generator,50,275.38,18,informational,youtube_automation,tool,youtube-ai-tools,not-started,sot_final,65.3,50,,2026-03-21,17,winnable
284,youtube channel audit tool free,50,426.71,19,technical,youtube_tools_software,tool,youtube-channel-audit-tool,not-started,sot_final,57.1,10,,2026-03-21,39,stretch
285,ai youtube script writer,50,352.43,27,informational,youtube_automation,tool,youtube-ai-tools,not-started,sot_final,65.1,70,3.88,2026-03-21,19,winnable
286,writing a youtube video script,50,0.0,29,informational,video_production,tool,youtube-script-generator,not-started,sot_final,39.0,10,,2026-03-21,0,winnable
287,youtube script writer ai,50,289.21,31,informational,youtube_automation,tool,youtube-ai-tools,not-started,sot_final,64.9,70,3.15,2026-03-21,21,winnable
288,youtube script writing ai,50,289.21,31,informational,youtube_automation,tool,youtube-ai-tools,not-started,sot_final,65.7,70,3.15,2026-03-21,13,winnable
289,get the script of a youtube video,50,184.21,34,informational,video_production,tool,youtube-script-generator,not-started,sot_final,35.6,20,1.42,2026-03-21,,avoid
290,script ideas for youtube video,50,0.0,0,informational,video_production,tool,youtube-script-generator,not-started,sot_final,39.0,10,,2026-03-21,,avoid
291,script for youtube video example,50,0.0,0,informational,video_production,tool,youtube-script-generator,not-started,sot_final,39.0,10,,2026-03-21,0,winnable
292,youtube vlog intro script,50,0.0,0,informational,video_production,tool,youtube-script-generator,not-started,sot_final,39.0,10,,2026-03-21,,avoid
293,free script for youtube video,50,0.0,0,informational,video_production,tool,youtube-script-generator,not-started,sot_final,39.0,10,,2026-03-21,,avoid
294,video script for youtube,50,0.0,0,informational,video_production,tool,youtube-script-generator,not-started,sot_final,36.8,10,,2026-03-21,22,winnable
295,introduction for youtube channel script,50,0.0,0,informational,video_production,tool,youtube-script-generator,not-started,sot_final,39.0,10,,2026-03-21,0,winnable
296,channel subscription youtube,5000,168.46,5.0,informational,pseo_for,pseo_for,subscription-businesses,planned,master_keywords,24,260,1.02,2026-03-21,,pseo
297,actioncoach youtube,50,,0.0,informational,pseo_for,pseo_for,coaches,live,master_keywords,24,10,,2026-03-21,,pseo
298,cpa youtube marketing,50,,,informational,pseo_for,pseo_for,accountants,planned,master_keywords,24,10,,2026-03-21,,pseo
299,youtube for saas,0,0,0,informational,pseo_for,pseo_for,saas,live,manual,24,,,2026-03-21,,pseo
300,youtube for agencies,0,0,0,informational,pseo_for,pseo_for,agencies,live,manual,24,,,2026-03-21,,pseo
301,youtube for consultants,0,0,0,informational,pseo_for,pseo_for,consultants,live,manual,24,,,2026-03-21,,pseo
302,youtube for b2b companies,0,0,0,informational,pseo_for,pseo_for,b2b-companies,live,manual,24,,,2026-03-21,,pseo
303,youtube for course creators,0,0,0,informational,pseo_for,pseo_for,course-creators,planned,manual,24,,,2026-03-21,,pseo
304,youtube for financial advisors,0,0,0,informational,pseo_for,pseo_for,financial-advisors,live,manual,24,,,2026-03-21,,pseo
305,youtube for law firms,0,0,0,informational,pseo_for,pseo_for,law-firms,live,manual,24,10,,2026-03-21,,pseo
306,youtube for real estate,0,0,0,informational,pseo_for,pseo_for,real-estate,live,manual,24,210,7.03,2026-03-21,,pseo
307,youtube for marketing agencies,0,0,0,informational,pseo_for,pseo_for,marketing-agencies,planned,manual,24,,,2026-03-21,,pseo
308,youtube for software companies,0,0,0,informational,pseo_for,pseo_for,software-companies,planned,manual,24,,,2026-03-21,,pseo
309,youtube for fintech companies,0,0,0,informational,pseo_for,pseo_for,fintech-companies,planned,manual,24,,,2026-03-21,,pseo
310,youtube for hr software,0,0,0,informational,pseo_for,pseo_for,hr-software,planned,manual,24,,,2026-03-21,,pseo
311,youtube for edtech companies,0,0,0,informational,pseo_for,pseo_for,edtech-companies,planned,manual,24,,,2026-03-21,,pseo
312,youtube for cybersecurity companies,0,0,0,informational,pseo_for,pseo_for,cybersecurity-companies,planned,manual,24,,,2026-03-21,,pseo
313,youtube for insurance agents,0,0,0,informational,pseo_for,pseo_for,insurance-agents,planned,manual,24,,,2026-03-21,,pseo
314,youtube for mortgage brokers,0,0,0,informational,pseo_for,pseo_for,mortgage-brokers,planned,manual,24,,,2026-03-21,,pseo
315,youtube for recruiting firms,0,0,0,informational,pseo_for,pseo_for,recruiting-firms,planned,manual,24,,,2026-03-21,,pseo
316,youtube for management consultants,0,0,0,informational,pseo_for,pseo_for,management-consultants,planned,manual,24,,,2026-03-21,,pseo
317,youtube for business coaches,0,0,0,informational,pseo_for,pseo_for,business-coaches,planned,manual,24,,,2026-03-21,,pseo
318,youtube for life coaches,0,0,0,informational,pseo_for,pseo_for,life-coaches,planned,manual,24,,,2026-03-21,,pseo
319,youtube for professional services,0,0,0,informational,pseo_for,pseo_for,professional-services,planned,manual,24,,,2026-03-21,,pseo
320,youtube for startup founders,0,0,0,informational,pseo_for,pseo_for,startup-founders,planned,manual,24,,,2026-03-21,,pseo
321,youtube for ecommerce,0,0,0,informational,pseo_for,pseo_for,ecommerce,planned,manual,24,10,,2026-03-21,,pseo
322,youtube for healthcare practices,0,0,0,informational,pseo_for,pseo_for,healthcare-practices,planned,manual,24,,,2026-03-21,,pseo
323,youtube for dental practices,0,0,0,informational,pseo_for,pseo_for,dental-practices,planned,manual,24,,,2026-03-21,,pseo
324,youtube for marketplaces,0,0,0,informational,pseo_for,pseo_for,marketplaces,planned,manual,24,,,2026-03-21,,pseo
325,youtube for small business,0,0,0,informational,pseo_for,pseo_for,small-business,planned,manual,24,40,,2026-03-21,,pseo
326,youtube facebook,5000,,0.0,informational,pseo_vs,pseo_vs,facebook,live,master_keywords,24,1300,,2026-03-21,,pseo
327,youtube influencer marketing,500,2951.9,7.0,informational,pseo_vs,pseo_vs,influencer-marketing,planned,master_keywords,24,390,4.87,2026-03-21,,pseo
328,gen youtube instagram,50,,0.0,informational,pseo_vs,pseo_vs,instagram,live,master_keywords,24,10,,2026-03-21,,pseo
329,youtube content marketing strategy,50,,17.0,strategic,pseo_vs,pseo_vs,content-marketing,planned,master_keywords,24,10,,2026-03-21,,pseo
330,seo youtube reddit,50,,0.0,technical,pseo_vs,pseo_vs,reddit-for-saas,planned,master_keywords,24,10,,2026-03-21,,pseo
331,youtube for linkedin for b2b,0,0,0,informational,pseo_vs,pseo_vs,linkedin-for-b2b,planned,manual,24,,,2026-03-21,,pseo
332,youtube for instagram for coaches,0,0,0,informational,pseo_vs,pseo_vs,instagram-for-coaches,planned,manual,24,,,2026-03-21,,pseo
333,youtube for tiktok for saas,0,0,0,informational,pseo_vs,pseo_vs,tiktok-for-saas,planned,manual,24,,,2026-03-21,,pseo
334,youtube for paid ads,0,0,0,informational,pseo_vs,pseo_vs,paid-ads,planned,manual,24,,,2026-03-21,,pseo
335,youtube for facebook ads,0,0,0,informational,pseo_vs,pseo_vs,facebook-ads,planned,manual,24,,,2026-03-21,,pseo
336,youtube for podcasting,0,0,0,informational,pseo_vs,pseo_vs,podcasting,planned,manual,24,,,2026-03-21,,pseo
337,youtube for blogging,0,0,0,informational,pseo_vs,pseo_vs,blogging,planned,manual,24,,,2026-03-21,,pseo
338,youtube for email marketing,0,0,0,informational,pseo_vs,pseo_vs,email-marketing,planned,manual,24,,,2026-03-21,,pseo
339,youtube for linkedin for agencies,0,0,0,informational,pseo_vs,pseo_vs,linkedin-for-agencies,planned,manual,24,,,2026-03-21,,pseo
340,youtube for instagram for saas,0,0,0,informational,pseo_vs,pseo_vs,instagram-for-saas,planned,manual,24,,,2026-03-21,,pseo
341,youtube for webinars,0,0,0,informational,pseo_vs,pseo_vs,webinars,planned,manual,24,110,18.41,2026-03-21,,pseo
342,youtube for cold outreach,0,0,0,informational,pseo_vs,pseo_vs,cold-outreach,planned,manual,24,,,2026-03-21,,pseo
343,youtube for seo content,0,0,0,informational,pseo_vs,pseo_vs,seo-content,planned,manual,24,,,2026-03-21,,pseo
344,youtube for referral marketing,0,0,0,informational,pseo_vs,pseo_vs,referral-marketing,planned,manual,24,,,2026-03-21,,pseo
345,youtube for community building,0,0,0,informational,pseo_vs,pseo_vs,community-building,planned,manual,24,,,2026-03-21,,pseo
346,youtube for twitter for saas,0,0,0,informational,pseo_vs,pseo_vs,twitter-for-saas,planned,manual,24,,,2026-03-21,,pseo
