keyword,search_volume,cpc,competition,keyword_difficulty,source_api_call,seed_group
youtube seo checklist,90,0,0.02,0,keyword_suggestions,core_youtube_seo
how to do seo for youtube video,90,0,0.04,31,keyword_suggestions,core_youtube_seo
how to find youtube keyword competition score and seo,90,0,0,23,keyword_suggestions,core_youtube_seo
seo keywords for youtube,90,0,0.13,28,keyword_suggestions,core_youtube_seo
youtube seo software free download,90,0,0,22,keyword_suggestions,core_youtube_seo
how to do seo for youtube videos,90,0,0.04,31,keyword_suggestions,core_youtube_seo
free seo youtube tools,90,0,0,31,keyword_suggestions,core_youtube_seo
how to do seo of youtube video,90,0,0.04,25,keyword_suggestions,core_youtube_seo
video content marketing strategy,90,0,0,21,keyword_suggestions,video_marketing
content marketing video strategy,90,0,0,7,keyword_suggestions,video_marketing
video content marketing services,90,0,0.04,21,keyword_suggestions,video_marketing
short form video content marketing,90,0,0,16,keyword_suggestions,video_marketing
short-form video content marketing,90,0,0,16,keyword_suggestions,video_marketing
video seo ranking,90,0,0,10,keyword_suggestions,video_marketing
youtube seo company,70,72.3,0.16,0,keyword_suggestions,core_youtube_seo
how to seo optimize youtube videos,70,2.49,0.1,43,keyword_suggestions,core_youtube_seo
seo youtube titles,70,1.18,0.15,0,keyword_suggestions,core_youtube_seo
seo youtube channel,70,1.45,0.25,45,keyword_suggestions,core_youtube_seo
youtube seo best practices 2025,70,0,0,8,keyword_suggestions,core_youtube_seo
seo youtube channels,70,1.45,0.25,0,keyword_suggestions,core_youtube_seo
best tools for youtube seo,70,7.74,0.68,12,keyword_suggestions,core_youtube_seo
best youtube seo tools free,70,5.24,0.25,26,keyword_suggestions,core_youtube_seo
seo strategy for youtube,70,0.86,0.04,42,keyword_suggestions,core_youtube_seo
how to do youtube channel seo,70,0,0,31,keyword_suggestions,core_youtube_seo
youtube seo title checker,70,0,0,13,keyword_suggestions,core_youtube_seo
best seo youtube channels,70,0,0.02,0,keyword_suggestions,core_youtube_seo
youtube seo london,70,0,0,1,keyword_suggestions,core_youtube_seo
seo youtube title,70,1.18,0.15,8,keyword_suggestions,core_youtube_seo
seo score youtube,70,2.16,0.21,41,keyword_suggestions,core_youtube_seo
seo strategies for youtube,70,0.86,0.04,43,keyword_suggestions,core_youtube_seo
seo meaning youtube,70,0.16,0.03,13,keyword_suggestions,core_youtube_seo
how to optimize youtube videos for seo,70,2.49,0.1,31,keyword_suggestions,core_youtube_seo
youtube short seo,70,1.97,0.15,11,keyword_suggestions,core_youtube_seo
youtube seo optimization tool,70,0,0,33,keyword_suggestions,core_youtube_seo
seo optimization for youtube videos,70,4.4,0.02,48,keyword_suggestions,core_youtube_seo
youtube seo companies,70,72.3,0.16,0,keyword_suggestions,core_youtube_seo
youtube title seo,70,1.18,0.15,14,keyword_suggestions,core_youtube_seo
youtube seo guide,70,2.19,0.04,31,keyword_suggestions,core_youtube_seo
youtube seo score,70,2.16,0.21,15,keyword_suggestions,core_youtube_seo
best seo youtube channel,70,0,0.02,1,keyword_suggestions,core_youtube_seo
how to optimise youtube videos for seo,70,2.49,0.1,25,keyword_suggestions,core_youtube_seo
best tool for youtube seo,70,7.74,0.68,28,keyword_suggestions,core_youtube_seo
youtube keyword research tool free,70,2.71,0.49,41,keyword_suggestions,core_youtube_seo
keyword research tool free youtube,70,0,0,34,keyword_suggestions,core_youtube_seo
youtube keyword research tools free,70,2.71,0.49,46,keyword_suggestions,core_youtube_seo
best youtube channels for business,70,0,0,1,keyword_suggestions,youtube_for_business
business plan for youtube,70,0,0.1,0,keyword_suggestions,youtube_for_business
youtube premium for business,70,0,0.02,50,keyword_suggestions,youtube_for_business
how do i create a youtube channel for my business,70,5.02,0.27,23,keyword_suggestions,youtube_for_business
how to create a youtube channel for your business,70,5.02,0.27,23,keyword_suggestions,youtube_for_business
create youtube channel for my business,70,4.69,0.3,43,keyword_suggestions,youtube_for_business
best youtube channel for business,70,0,0,4,keyword_suggestions,youtube_for_business
create a youtube channel for my business,70,4.69,0.3,43,keyword_suggestions,youtube_for_business
how to create a youtube channel for my business,70,5.02,0.27,23,keyword_suggestions,youtube_for_business
marketing strategy for video games,70,0,0.01,6,keyword_suggestions,video_marketing
video game marketing strategy,70,0,0.01,6,keyword_suggestions,video_marketing
video content marketing agency,70,32.07,0.06,0,keyword_suggestions,video_marketing
video content marketing companies,70,32.07,0.06,15,keyword_suggestions,video_marketing
seo cares viral video,70,0,0,0,keyword_suggestions,video_marketing
video seo software,70,0,0,26,keyword_suggestions,video_marketing
video seo statistics,70,0,0,47,keyword_suggestions,video_marketing
tool for youtube seo,50,0,0.14,71,keyword_suggestions,core_youtube_seo
youtube seo tools free download,50,0,0,30,keyword_suggestions,core_youtube_seo
optimize youtube videos for seo,50,1.22,0.18,24,keyword_suggestions,core_youtube_seo
youtube free seo,50,0,0.06,28,keyword_suggestions,core_youtube_seo
check youtube seo,50,0,0.1,27,keyword_suggestions,core_youtube_seo
youtube seo audit,50,0,0,21,keyword_suggestions,core_youtube_seo
seo youtube studio,50,1.75,0.71,23,keyword_suggestions,core_youtube_seo
free youtube seo software,50,0,0,28,keyword_suggestions,core_youtube_seo
seo tool for youtube free,50,0,0.14,37,keyword_suggestions,core_youtube_seo
seo tutorial youtube,50,0,0.04,22,keyword_suggestions,core_youtube_seo
best free seo tools for youtube,50,20.27,0.86,23,keyword_suggestions,core_youtube_seo
youtube channel seo tools,50,0,0,23,keyword_suggestions,core_youtube_seo
how to improve seo on youtube,50,6.3,0.45,31,keyword_suggestions,core_youtube_seo
youtube video seo software,50,0,0,20,keyword_suggestions,core_youtube_seo
seo tools for youtube free,50,0,0.14,35,keyword_suggestions,core_youtube_seo
youtube seo ahrefs,50,0,0,58,keyword_suggestions,core_youtube_seo
youtube seo description generator,50,5.16,0.08,0,keyword_suggestions,core_youtube_seo
seo youtube app,50,0,0,38,keyword_suggestions,core_youtube_seo
seo tutorials youtube,50,0,0.04,26,keyword_suggestions,core_youtube_seo
best seo software for youtube,50,0,0,25,keyword_suggestions,core_youtube_seo
video seo software for youtube,50,0,0,23,keyword_suggestions,core_youtube_seo
youtube free seo tools,50,0,0,38,keyword_suggestions,core_youtube_seo
youtube seo tools free online,50,0,0,40,keyword_suggestions,core_youtube_seo
free youtube seo tool,50,92.37,0.23,31,keyword_suggestions,core_youtube_seo
youtube seo guidelines,50,4.06,0.18,31,keyword_suggestions,core_youtube_seo
seo for youtube free,50,2.04,0.07,33,keyword_suggestions,core_youtube_seo
seo youtube tutorial,50,0,0.04,29,keyword_suggestions,core_youtube_seo
seo checker youtube,50,4.79,0.06,35,keyword_suggestions,core_youtube_seo
youtube shorts seo,50,10.68,0.16,11,keyword_suggestions,core_youtube_seo
seo checker for youtube,50,0,0,66,keyword_suggestions,core_youtube_seo
seo software for youtube,50,0,0.71,27,keyword_suggestions,core_youtube_seo
free tools for youtube seo,50,0,0,30,keyword_suggestions,core_youtube_seo
youtube seo online,50,0,0,23,keyword_suggestions,core_youtube_seo
check seo youtube,50,0,0,26,keyword_suggestions,core_youtube_seo
how to increase seo on youtube,50,6.3,0.45,32,keyword_suggestions,core_youtube_seo
youtube seo tutorial,50,0,0.04,40,keyword_suggestions,core_youtube_seo
seo check youtube,50,4.79,0.06,24,keyword_suggestions,core_youtube_seo
how to improve youtube seo,50,6.3,0.45,41,keyword_suggestions,core_youtube_seo
best youtube seo tool,50,0.94,0.19,20,keyword_suggestions,core_youtube_seo
youtube seo analyzer,50,3.25,0.17,25,keyword_suggestions,core_youtube_seo
youtube channel optimization and video seo,50,0,0,25,keyword_suggestions,core_youtube_seo
tools for youtube seo,50,0,0.14,31,keyword_suggestions,core_youtube_seo
seo youtube free,50,1.07,0.29,33,keyword_suggestions,core_youtube_seo
best free keyword research tool for youtube,50,0,0.09,64,keyword_suggestions,core_youtube_seo
keyword research for youtube channel,50,0,0.01,34,keyword_suggestions,core_youtube_seo
free keyword research tool youtube,50,0,0,37,keyword_suggestions,core_youtube_seo
best free youtube keyword research tool,50,0,0,41,keyword_suggestions,core_youtube_seo
best keyword research tool for youtube free,50,0,0.03,38,keyword_suggestions,core_youtube_seo
h supertools free youtube keyword research tool,50,0,0,0,keyword_suggestions,core_youtube_seo
keyword research tool for youtube free,50,0,0,42,keyword_suggestions,core_youtube_seo
h-supertools free youtube keyword research tool,50,0,0,0,keyword_suggestions,core_youtube_seo
youtube free keyword research tool,50,0,0,43,keyword_suggestions,core_youtube_seo
how to set up youtube channel for business,50,5.93,0.15,26,keyword_suggestions,youtube_for_business
business cards for youtube channel,50,2.61,1,0,keyword_suggestions,youtube_for_business
youtube marketing for business,50,0,0.01,41,keyword_suggestions,youtube_for_business
youtube for business marketing,50,0,0.01,34,keyword_suggestions,youtube_for_business
business card for youtube channel,50,2.61,1,0,keyword_suggestions,youtube_for_business
how to set up a youtube channel for a business,50,5.93,0.15,32,keyword_suggestions,youtube_for_business
business license for youtube channel,50,0,0.03,8,keyword_suggestions,youtube_for_business
how to set up a youtube channel for business,50,5.93,0.15,25,keyword_suggestions,youtube_for_business
lead generation youtube,50,75.35,0.08,24,keyword_suggestions,youtube_for_business
youtube lead generation,50,75.35,0.08,10,keyword_suggestions,youtube_for_business
is video good for seo,50,0,0,11,keyword_suggestions,video_marketing
ai video seo,50,0,0,12,keyword_suggestions,video_marketing
video seo wordpress,50,0,0,6,keyword_suggestions,video_marketing
wordpress seo video,50,0,0,40,keyword_suggestions,video_marketing
wordpress video seo,50,0,0,21,keyword_suggestions,video_marketing
yoast video seo plugin,50,0,0.01,39,keyword_suggestions,video_marketing
video tutorial of seo,50,0,0,33,keyword_suggestions,video_marketing
video seo stats,50,0,0,30,keyword_suggestions,video_marketing
seo tutorial video,50,0,0,37,keyword_suggestions,video_marketing
seo video tutorials,50,0,0,42,keyword_suggestions,video_marketing
seo tips video,50,0,0,0,keyword_suggestions,video_marketing
video seo tips,50,0,0,21,keyword_suggestions,video_marketing
seo video tips,50,0,0,17,keyword_suggestions,video_marketing
video seo 2020,50,0,0,5,keyword_suggestions,video_marketing
seo video tutorial,50,0,0,34,keyword_suggestions,video_marketing
video seo for wordpress plugin,50,0,0,24,keyword_suggestions,video_marketing
youtube seo title,40,0,0.01,13,keyword_suggestions,core_youtube_seo
optimize youtube video for seo,40,7.48,0.1,48,keyword_suggestions,core_youtube_seo
youtube seo checker free,40,5.46,0.19,11,keyword_suggestions,core_youtube_seo
seo studio youtube tools,40,3.9,0.37,8,keyword_suggestions,core_youtube_seo
seo app for youtube,40,0,0.14,27,keyword_suggestions,core_youtube_seo
optimizing youtube videos for seo,40,7.48,0.1,30,keyword_suggestions,core_youtube_seo
youtube tag seo,40,0,0.03,40,keyword_suggestions,core_youtube_seo
optimize youtube video seo,40,7.48,0.1,41,keyword_suggestions,core_youtube_seo
youtube seo course,40,0,0.14,11,keyword_suggestions,core_youtube_seo
seo for youtube shorts,40,4.68,0.34,17,keyword_suggestions,core_youtube_seo
youtube seo apps,40,0,0.86,42,keyword_suggestions,core_youtube_seo
youtube seo courses,40,0,0.14,11,keyword_suggestions,core_youtube_seo
seo studio youtube tool,40,3.9,0.37,10,keyword_suggestions,core_youtube_seo
seo tool for youtube channel,40,0,0,25,keyword_suggestions,core_youtube_seo
free seo tools youtube,40,0,0,21,keyword_suggestions,core_youtube_seo
youtube video seo services,40,0,0.04,0,keyword_suggestions,core_youtube_seo
youtube seo titles,40,0,0.01,8,keyword_suggestions,core_youtube_seo
seo studio tool youtube,40,2.94,0.16,14,keyword_suggestions,core_youtube_seo
seo tags youtube,40,1.51,0.11,40,keyword_suggestions,core_youtube_seo
youtube video seo service,40,0,0.04,3,keyword_suggestions,core_youtube_seo
youtube seo app,40,0,0.86,28,keyword_suggestions,core_youtube_seo
semrush youtube keyword research,40,0,0.03,42,keyword_suggestions,core_youtube_seo
what is youtube keyword research,40,0,0,25,keyword_suggestions,core_youtube_seo
youtube logo for business cards,40,4.03,1,0,keyword_suggestions,youtube_for_business
youtube music for business,40,3.51,0.31,13,keyword_suggestions,youtube_for_business
how to make a youtube account for business,40,0,0,31,keyword_suggestions,youtube_for_business
youtube for small business,40,0,0,22,keyword_suggestions,youtube_for_business
does video help seo,40,0,0,6,keyword_suggestions,video_marketing
yoast video seo premium,40,0,0,53,keyword_suggestions,video_marketing
local video seo,40,0,0,0,keyword_suggestions,video_marketing
video seo google,40,0,0.02,13,keyword_suggestions,video_marketing
seo in-guk music video,40,0,0,8,keyword_suggestions,video_marketing
seo in guk music video,40,0,0,8,keyword_suggestions,video_marketing
google seo video,40,0,0.02,7,keyword_suggestions,video_marketing
how to do seo video,40,0,0,31,keyword_suggestions,video_marketing
video seo best practices,40,0,0.01,40,keyword_suggestions,video_marketing
how to do video seo,40,0,0,29,keyword_suggestions,video_marketing
youtube ads for small business,30,89.44,0.08,17,keyword_suggestions,youtube_for_business
setting up a youtube account for business,30,0,0,22,keyword_suggestions,youtube_for_business
youtube videos for business,30,8.6,0.05,15,keyword_suggestions,youtube_for_business
set up a youtube account for business,30,0,0,44,keyword_suggestions,youtube_for_business
youtube advertising for small business,30,89.44,0.08,9,keyword_suggestions,youtube_for_business
business plan for youtube channel,30,16.52,0.05,0,keyword_suggestions,youtube_for_business
youtube page for business,30,25.34,0.19,43,keyword_suggestions,youtube_for_business
youtube video for business,30,8.6,0.05,35,keyword_suggestions,youtube_for_business
b2b video marketing strategy,30,0,0.02,2,keyword_suggestions,video_marketing
youtube video seo tips,30,0,0.01,25,keyword_suggestions,video_marketing
youtube video seo checker,30,6.1,0.04,22,keyword_suggestions,video_marketing
youtube video seo check,30,6.1,0.04,24,keyword_suggestions,video_marketing
seo video training,30,3.14,0.01,49,keyword_suggestions,video_marketing
seo course video,30,3.14,0.01,27,keyword_suggestions,video_marketing
youtube video seo tool,30,4.61,0.05,14,keyword_suggestions,video_marketing
seo video course,30,3.14,0.01,49,keyword_suggestions,video_marketing
seo ahn video,30,0,0,3,keyword_suggestions,video_marketing
youtube video seo tools,30,4.61,0.05,25,keyword_suggestions,video_marketing
seo training video,30,3.14,0.01,49,keyword_suggestions,video_marketing
tool seo video youtube,30,4.61,0.05,25,keyword_suggestions,video_marketing
park seo joon video call,30,0,0,0,keyword_suggestions,video_marketing
how to do youtube video seo,30,0,0,40,keyword_suggestions,video_marketing
seo strategy youtube,20,0,0.01,40,keyword_suggestions,core_youtube_seo
youtube keyword research tool for video seo,20,0,0,41,keyword_suggestions,core_youtube_seo
youtube keyword research free,20,15.14,0.71,47,keyword_suggestions,core_youtube_seo
youtube shorts for business,20,0,0.02,0,keyword_suggestions,youtube_for_business
youtube marketing for small business,20,0,0,23,keyword_suggestions,youtube_for_business
how to use youtube for business,20,0,0.01,25,keyword_suggestions,youtube_for_business
should i make a business email for youtube,20,0,0,0,keyword_suggestions,youtube_for_business
vimeo vs youtube for business,20,0,0.14,18,keyword_suggestions,youtube_for_business
youtube strategy for business,20,9.82,0.1,24,keyword_suggestions,youtube_for_business
youtube tv for business nfl sunday ticket,20,0,0,29,keyword_suggestions,youtube_for_business
how to create a youtube page for business,20,0,0.21,50,keyword_suggestions,youtube_for_business
create youtube for business,20,0,0.14,0,keyword_suggestions,youtube_for_business
youtube vs vimeo for business,20,0,0.14,0,keyword_suggestions,youtube_for_business
youtube tv for business cost,20,42.51,0.22,20,keyword_suggestions,youtube_for_business
youtube tv for business use,20,0,0.38,0,keyword_suggestions,youtube_for_business
youtube channel marketing strategy,20,0,0.06,50,keyword_suggestions,youtube_for_business
youtube ads for lead generation,20,0,0.06,18,keyword_suggestions,youtube_for_business
social media video marketing strategy,20,0,0.08,50,keyword_suggestions,video_marketing
video content marketing examples,20,0,0.08,2,keyword_suggestions,video_marketing
video content marketing plan,20,0,0,8,keyword_suggestions,video_marketing
b2b video content marketing,20,0,0,17,keyword_suggestions,video_marketing
when creating video marketing content on a budget,20,0,0,0,keyword_suggestions,video_marketing
video content marketing trends,20,0,0,60,keyword_suggestions,video_marketing
content marketing video examples,20,0,0.08,0,keyword_suggestions,video_marketing
content marketing video production,20,0,0,0,keyword_suggestions,video_marketing
video seo meaning,20,0,0.12,0,keyword_suggestions,video_marketing
best local video seo company,20,0,0,0,keyword_suggestions,video_marketing
video marketing services seo,20,0,0,22,keyword_suggestions,video_marketing
video seo moz,20,0,0,33,keyword_suggestions,video_marketing
how does video help seo,20,0,0,49,keyword_suggestions,video_marketing
learn seo video tutorial,20,0,0,0,keyword_suggestions,video_marketing
moz video seo,20,0,0,22,keyword_suggestions,video_marketing
video seo ahrefs,20,0,0,42,keyword_suggestions,video_marketing
park seo joon video,20,0,0,11,keyword_suggestions,video_marketing
what is youtube seo strategy,10,0,0,0,keyword_suggestions,core_youtube_seo
youtube seo strategy 2024,10,0,0,0,keyword_suggestions,core_youtube_seo
youtube seo strategy 2023,10,0,0,0,keyword_suggestions,core_youtube_seo
use youtube seo strategy,10,0,0,0,keyword_suggestions,core_youtube_seo
keyword research for youtube shorts,10,0,0,0,keyword_suggestions,core_youtube_seo
how to keyword research for youtube,10,0,0,41,keyword_suggestions,core_youtube_seo
free keyword research for youtube,10,0,0,47,keyword_suggestions,core_youtube_seo
best youtube keyword research tool 2021,10,0,0,63,keyword_suggestions,core_youtube_seo
google keyword research tool for youtube,10,0,0,0,keyword_suggestions,core_youtube_seo
free youtube keyword research ranker,10,0,0,0,keyword_suggestions,core_youtube_seo
youtube keyword research software,10,0,0,0,keyword_suggestions,core_youtube_seo
seo keyword research youtube,10,0,0,0,keyword_suggestions,core_youtube_seo
how to do keyword research youtube,10,0,0,19,keyword_suggestions,core_youtube_seo
how to do youtube keyword research for free,10,0,0,0,keyword_suggestions,core_youtube_seo
youtube keyword research semrush,10,0,0,42,keyword_suggestions,core_youtube_seo
youtube keyword research tool 2022,10,0,0,0,keyword_suggestions,core_youtube_seo
promoterkit youtube keyword research,10,0,0,0,keyword_suggestions,core_youtube_seo
cara research keyword youtube,10,0,0,0,keyword_suggestions,core_youtube_seo
keyword research for youtube free,10,4.44,0.71,47,keyword_suggestions,core_youtube_seo
tools for youtube keyword research,10,0,0,35,keyword_suggestions,core_youtube_seo
neil patel youtube keyword research,10,0,0,0,keyword_suggestions,core_youtube_seo
youtube keyword research tool 2024,10,0,0,0,keyword_suggestions,core_youtube_seo
youtube keyword research ahrefs,10,0,0.04,38,keyword_suggestions,core_youtube_seo
youtube research keyword,10,0,0,33,keyword_suggestions,core_youtube_seo
how to do keyword research for youtube videos in 2021,10,0,0,0,keyword_suggestions,core_youtube_seo
youtube keyword research tool 2023,10,0,0,18,keyword_suggestions,core_youtube_seo
youtube tag keyword research,10,0,0,63,keyword_suggestions,core_youtube_seo
youtube keyword research 2021,10,0,0,0,keyword_suggestions,core_youtube_seo
ahrefs keyword research youtube,10,0,0,38,keyword_suggestions,core_youtube_seo
keyword research youtube free,10,0,0,47,keyword_suggestions,core_youtube_seo
youtube keyword research tool 2021,10,0,0,57,keyword_suggestions,core_youtube_seo
best tool for youtube keyword research,10,18.34,0.71,33,keyword_suggestions,core_youtube_seo
youtube keyword research 2025,10,0,0,0,keyword_suggestions,core_youtube_seo
youtube search keyword research,10,13.8,0.71,0,keyword_suggestions,core_youtube_seo
youtube seo keyword research,10,0,0,41,keyword_suggestions,core_youtube_seo
youtube keyword research 2023,10,0,0,0,keyword_suggestions,core_youtube_seo
youtube keyword research free tool,10,1.86,0.33,46,keyword_suggestions,core_youtube_seo
keyword research for seo youtube,10,0,0,41,keyword_suggestions,core_youtube_seo
keyword research tool free for youtube,10,2.98,0.86,46,keyword_suggestions,core_youtube_seo
youtube keyword research app,10,0,0,0,keyword_suggestions,core_youtube_seo
youtube keyword research free tools,10,1.86,0.33,46,keyword_suggestions,core_youtube_seo
best youtube keyword research,10,0,0,0,keyword_suggestions,core_youtube_seo
keyword research youtube tool,10,0,0,35,keyword_suggestions,core_youtube_seo
youtube keyword research reddit,10,0,0,0,keyword_suggestions,core_youtube_seo
youtube keyword research tutorial,10,0,0,0,keyword_suggestions,core_youtube_seo
youtube keyword research guide,10,0,0,0,keyword_suggestions,core_youtube_seo
youtube keyword research 2020,10,0,0,0,keyword_suggestions,core_youtube_seo
youtube channel keyword research,10,15.92,0.86,34,keyword_suggestions,core_youtube_seo
best youtube keyword research tool 2022,10,0,0,0,keyword_suggestions,core_youtube_seo
youtube keyword research ai,10,0,0,0,keyword_suggestions,core_youtube_seo
how to do keyword research for youtube videos,10,0,0,0,keyword_suggestions,core_youtube_seo
google keyword research tool for youtube free,10,0,0,0,keyword_suggestions,core_youtube_seo
youtube video keyword research tool,10,0,0,0,keyword_suggestions,core_youtube_seo
youtube studio keyword research,10,0,0,0,keyword_suggestions,core_youtube_seo
keyword youtube research,10,0,0,33,keyword_suggestions,core_youtube_seo
youtube shorts keyword research,10,0,0,0,keyword_suggestions,core_youtube_seo
how to do keyword research on youtube,10,0,0,19,keyword_suggestions,core_youtube_seo
best youtube keyword research tool free,10,0,0.03,0,keyword_suggestions,core_youtube_seo
youtube keyword research tool free search volume for seo,10,9.21,0.67,0,keyword_suggestions,core_youtube_seo
free youtube keyword research,10,2.56,0.68,47,keyword_suggestions,core_youtube_seo
seo keyword research for youtube,10,0,0,41,keyword_suggestions,core_youtube_seo
use youtube keyword research tools,10,0,0,0,keyword_suggestions,core_youtube_seo
youtube keyword research 2019,10,0,0,54,keyword_suggestions,core_youtube_seo
youtube keyword research 2024,10,0,0,0,keyword_suggestions,core_youtube_seo
how to do keyword research for youtube video marketing,10,0,0,0,keyword_suggestions,core_youtube_seo
keyword research youtube tags,10,0,0,0,keyword_suggestions,core_youtube_seo
youtube research keyword tool,10,0,0,35,keyword_suggestions,core_youtube_seo
youtube video keyword research,10,2.57,0.43,68,keyword_suggestions,core_youtube_seo
keyword research for youtube ranking,10,0,0,0,keyword_suggestions,core_youtube_seo
youtube keyword research extension,10,0,0,0,keyword_suggestions,core_youtube_seo
meta for business youtube,10,0,0,0,keyword_suggestions,youtube_for_business
how to create youtube for business,10,0,0.11,0,keyword_suggestions,youtube_for_business
youtube features for business,10,0,0,67,keyword_suggestions,youtube_for_business
how to leverage youtube for business,10,0,0,0,keyword_suggestions,youtube_for_business
create a youtube page for business,10,12.55,0.12,0,keyword_suggestions,youtube_for_business
how to use youtube for small business,10,0,0,0,keyword_suggestions,youtube_for_business
facebook for business youtube,10,0,0,0,keyword_suggestions,youtube_for_business
youtube vs instagram for business,10,0,0,45,keyword_suggestions,youtube_for_business
business code for youtube income,10,0,0,0,keyword_suggestions,youtube_for_business
how to create business email for youtube,10,0,0,0,keyword_suggestions,youtube_for_business
youtube for business cost,10,0,0,58,keyword_suggestions,youtube_for_business
youtube icon for business card,10,0,0.25,0,keyword_suggestions,youtube_for_business
youtube director for business android,10,0,0,50,keyword_suggestions,youtube_for_business
advantages and disadvantages of youtube for business,10,0,0,0,keyword_suggestions,youtube_for_business
open youtube account for business,10,0,0,97,keyword_suggestions,youtube_for_business
youtube for business online video marketing for any business pdf,10,0,0,47,keyword_suggestions,youtube_for_business
google for business youtube,10,0,0,40,keyword_suggestions,youtube_for_business
do you need a business license for youtube,10,0,0,29,keyword_suggestions,youtube_for_business
do i need a business license for a youtube channel,10,0,0.04,0,keyword_suggestions,youtube_for_business
ebay for business youtube,10,0,0,38,keyword_suggestions,youtube_for_business
youtube for business book,10,0.36,1,47,keyword_suggestions,youtube_for_business
create new youtube account for business,10,0,0,0,keyword_suggestions,youtube_for_business
business plan for youtube channel pdf,10,0,0,44,keyword_suggestions,youtube_for_business
pinterest for business youtube,10,0,0,57,keyword_suggestions,youtube_for_business
best youtube channel for business news,10,0,0,0,keyword_suggestions,youtube_for_business
setting up a youtube channel for business,10,0,0.14,27,keyword_suggestions,youtube_for_business
youtube hosting for business,10,0,0,48,keyword_suggestions,youtube_for_business
business email for youtube,10,0,0.11,10,keyword_suggestions,youtube_for_business
how to use youtube shorts for business,10,0,0.02,0,keyword_suggestions,youtube_for_business
best youtube channel for business case study in india,10,0,0,0,keyword_suggestions,youtube_for_business
ultimate guide to youtube for business pdf,10,0,0,45,keyword_suggestions,youtube_for_business
best youtube channel for business analyst,10,0,0,0,keyword_suggestions,youtube_for_business
youtube channel for my business,10,0,0,0,keyword_suggestions,youtube_for_business
business name for youtube channel,10,0,0.05,0,keyword_suggestions,youtube_for_business
business name generator for youtube,10,0,0,0,keyword_suggestions,youtube_for_business
youtube video hosting for business,10,0,0,50,keyword_suggestions,youtube_for_business
youtube for internal business use,10,0,0,50,keyword_suggestions,youtube_for_business
benefits of using youtube for business,10,0,0.07,0,keyword_suggestions,youtube_for_business
why use youtube for business,10,0,0,49,keyword_suggestions,youtube_for_business
why is youtube important for business,10,0,0,49,keyword_suggestions,youtube_for_business
best youtube channel for business studies class 11,10,0,0,0,keyword_suggestions,youtube_for_business
youtube how to use facebook for business,10,0,0,0,keyword_suggestions,youtube_for_business
how to create youtube channel for my business,10,0,0.17,0,keyword_suggestions,youtube_for_business
vimeo or youtube for business,10,0,0.11,33,keyword_suggestions,youtube_for_business
how to create a youtube account for my business,10,0,0,0,keyword_suggestions,youtube_for_business
should i create a business gmail for youtube,10,0,0,0,keyword_suggestions,youtube_for_business
how is youtube useful for business,10,0,0,17,keyword_suggestions,youtube_for_business
youtube tv sunday ticket for business,10,0,0,0,keyword_suggestions,youtube_for_business
how to create a facebook page for business youtube,10,0,0,68,keyword_suggestions,youtube_for_business
how to set up a youtube account for business,10,0,0,24,keyword_suggestions,youtube_for_business
why is youtube good for business,10,0,0.29,50,keyword_suggestions,youtube_for_business
how do i make a youtube channel for my business,10,0,0,0,keyword_suggestions,youtube_for_business
irs business code for youtube,10,0,0,1,keyword_suggestions,youtube_for_business
private youtube channel for business,10,0,0,0,keyword_suggestions,youtube_for_business
setting up youtube account for business,10,0,0,23,keyword_suggestions,youtube_for_business
youtube best practices for business,10,0,0,63,keyword_suggestions,youtube_for_business
how to use facebook for business youtube,10,0,0,0,keyword_suggestions,youtube_for_business
best youtube channel for business management,10,0,0,0,keyword_suggestions,youtube_for_business
how to set up youtube account for business,10,0,0,24,keyword_suggestions,youtube_for_business
youtube ads marketing strategy,10,0,0,0,keyword_suggestions,youtube_for_business
marketing strategy for youtube channel,10,10.12,0.43,0,keyword_suggestions,youtube_for_business
strategy and operations associate youtube marketing,10,0,0,17,keyword_suggestions,youtube_for_business
youtube social media marketing strategy,10,0,0,42,keyword_suggestions,youtube_for_business
youtube marketing strategy 2018,10,0,0,54,keyword_suggestions,youtube_for_business
youtube influencer marketing strategy,10,0,0.29,52,keyword_suggestions,youtube_for_business
digital marketing strategy youtube,10,0,0,49,keyword_suggestions,youtube_for_business
youtube content marketing strategy,10,0,0,53,keyword_suggestions,youtube_for_business
youtube marketing strategy ppt,10,0,0,44,keyword_suggestions,youtube_for_business
youtube marketing strategy 2020 pdf,10,0,0,50,keyword_suggestions,youtube_for_business
youtube digital marketing strategy,10,0,0,49,keyword_suggestions,youtube_for_business
best youtube marketing strategy,10,0,0,0,keyword_suggestions,youtube_for_business
youtube marketing strategy 2024,10,0,0,0,keyword_suggestions,youtube_for_business
content marketing strategy youtube,10,0,0,53,keyword_suggestions,youtube_for_business
youtube marketing strategy 2017,10,0,0,50,keyword_suggestions,youtube_for_business
youtube marketing strategy 2021,10,0,0,53,keyword_suggestions,youtube_for_business
youtube video marketing strategy,10,0,0,64,keyword_suggestions,youtube_for_business
youtube marketing strategy pdf,10,0,0,16,keyword_suggestions,youtube_for_business
what is youtube marketing strategy,10,0,0.18,0,keyword_suggestions,youtube_for_business
social media marketing strategy youtube,10,0,0,67,keyword_suggestions,youtube_for_business
youtube marketing strategy 2022,10,0,0,37,keyword_suggestions,youtube_for_business
strategy and operations associate global youtube marketing,10,0,0,0,keyword_suggestions,youtube_for_business
youtube shorts marketing strategy,10,0,0.11,0,keyword_suggestions,youtube_for_business
lead generation youtube ads,10,0,0,18,keyword_suggestions,youtube_for_business
lead generation through youtube,10,0,0,0,keyword_suggestions,youtube_for_business
youtube lead generation ads,10,24.84,0.15,0,keyword_suggestions,youtube_for_business
youtube for lead generation,10,0,0,24,keyword_suggestions,youtube_for_business
youtube ads lead generation,10,0,0,18,keyword_suggestions,youtube_for_business
video marketing strategy 2016,10,0,0,54,keyword_suggestions,video_marketing
video content marketing strategy template,10,0,0,60,keyword_suggestions,video_marketing
video games marketing strategy,10,0,0,6,keyword_suggestions,video_marketing
online video marketing strategy,10,0,0,0,keyword_suggestions,video_marketing
instagram video marketing strategy,10,0,0,26,keyword_suggestions,video_marketing
video marketing strategy 2017,10,0,0,48,keyword_suggestions,video_marketing
video marketing strategy 2019,10,0,0,48,keyword_suggestions,video_marketing
marketing video distribution strategy,10,0,0,0,keyword_suggestions,video_marketing
marketing strategy of amazon prime video,10,0,0,50,keyword_suggestions,video_marketing
digital video marketing strategy,10,0,0,69,keyword_suggestions,video_marketing
when looking to create video content for your marketing strategy,10,0,0,26,keyword_suggestions,video_marketing
video marketing strategy pdf,10,0,0,43,keyword_suggestions,video_marketing
video marketing strategy 2023,10,0,0,0,keyword_suggestions,video_marketing
what is a video marketing strategy,10,0,0,72,keyword_suggestions,video_marketing
what is video marketing strategy,10,0,0.14,72,keyword_suggestions,video_marketing
marketing without strategy video,10,0,0,0,keyword_suggestions,video_marketing
amazon prime video marketing strategy,10,0,0.32,50,keyword_suggestions,video_marketing
elements of video marketing strategy include,10,0,0,0,keyword_suggestions,video_marketing
video marketing marketing strategy,10,0,0,35,keyword_suggestions,video_marketing
facebook video marketing strategy,10,0,0,0,keyword_suggestions,video_marketing
create video marketing strategy,10,0,0,0,keyword_suggestions,video_marketing
prime video marketing strategy,10,0,0.32,0,keyword_suggestions,video_marketing
video marketing strategy 2022,10,0,0,0,keyword_suggestions,video_marketing
developing a video marketing strategy,10,0,0,18,keyword_suggestions,video_marketing
how to create a video marketing strategy,10,0,0,0,keyword_suggestions,video_marketing
successful video marketing strategy,10,0,0,0,keyword_suggestions,video_marketing
video strategy for marketing,10,0,0.14,35,keyword_suggestions,video_marketing
best video marketing strategy,10,0,0,0,keyword_suggestions,video_marketing
create a video marketing strategy,10,0,0,0,keyword_suggestions,video_marketing
video marketing strategy examples,10,0,0.12,0,keyword_suggestions,video_marketing
video marketing strategy jon mowat,10,0,0,0,keyword_suggestions,video_marketing
video production marketing strategy,10,0,0,72,keyword_suggestions,video_marketing
video marketing strategy template,10,0,0,0,keyword_suggestions,video_marketing
video marketing strategy 2018,10,0,0,54,keyword_suggestions,video_marketing
marketing strategy for video production company,10,0,0,0,keyword_suggestions,video_marketing
video digital marketing strategy,10,0,0,69,keyword_suggestions,video_marketing
product video marketing strategy,10,0,0,0,keyword_suggestions,video_marketing
short video marketing strategy evidence from successful entrepreneurs on tiktok,10,0,0,0,keyword_suggestions,video_marketing
digital marketing strategy video,10,0,0,69,keyword_suggestions,video_marketing
local video marketing strategy,10,0,0,0,keyword_suggestions,video_marketing
creating a video marketing strategy,10,0,0,0,keyword_suggestions,video_marketing
video marketing campaign strategy,10,0,0,62,keyword_suggestions,video_marketing
marketing strategy video lectures,10,0,0,0,keyword_suggestions,video_marketing
steve jobs marketing strategy video,10,0,0,0,keyword_suggestions,video_marketing
video marketing strategy 2021,10,0,0,69,keyword_suggestions,video_marketing
music video marketing strategy,10,0,0,0,keyword_suggestions,video_marketing
online video content marketing,10,0,0,0,keyword_suggestions,video_marketing
video content digital marketing,10,0,0,0,keyword_suggestions,video_marketing
content marketing youtube video,10,0,0,0,keyword_suggestions,video_marketing
when creating video marketing content,10,0,0,19,keyword_suggestions,video_marketing
video content marketing definition,10,0,0,59,keyword_suggestions,video_marketing
live video content marketing,10,0,0,0,keyword_suggestions,video_marketing
video content marketing platform,10,0,0,29,keyword_suggestions,video_marketing
video content in marketing,10,0,0,41,keyword_suggestions,video_marketing
what are the benefits of video content marketing,10,0,0,0,keyword_suggestions,video_marketing
video content marketing 2019,10,0,0,100,keyword_suggestions,video_marketing
content marketing video marketing,10,0,0,41,keyword_suggestions,video_marketing
when creating video marketing content on budget,10,0,0,0,keyword_suggestions,video_marketing
video content marketing 2020,10,0,0,69,keyword_suggestions,video_marketing
examples of video content marketing,10,0,0.57,0,keyword_suggestions,video_marketing
video content marketing 2018,10,0,0,52,keyword_suggestions,video_marketing
what is content marketing video,10,0,0,60,keyword_suggestions,video_marketing
video content marketing statistics,10,0,0,74,keyword_suggestions,video_marketing
content marketing video maker,10,0,0,0,keyword_suggestions,video_marketing
video content marketing stats,10,0,0,73,keyword_suggestions,video_marketing
best video content marketing,10,0,0,0,keyword_suggestions,video_marketing
why use video content marketing,10,0,0,57,keyword_suggestions,video_marketing
types of video content marketing,10,0,0,0,keyword_suggestions,video_marketing
video is the future of content marketing,10,0,0,44,keyword_suggestions,video_marketing
email marketing video content,10,0,0,0,keyword_suggestions,video_marketing
why online video is the future of content marketing,10,0,0,44,keyword_suggestions,video_marketing
how to use video for content marketing,10,0,0,0,keyword_suggestions,video_marketing
make c video content marketing gmbh,10,0,0,0,keyword_suggestions,video_marketing
video content in digital marketing,10,0,0,58,keyword_suggestions,video_marketing
how to do video content marketing,10,0,0,0,keyword_suggestions,video_marketing
video content marketing ideas,10,0,0,55,keyword_suggestions,video_marketing
what is video content marketing,10,0,0,60,keyword_suggestions,video_marketing
digital marketing video content,10,0,0,58,keyword_suggestions,video_marketing
types of video marketing content,10,0,0.36,0,keyword_suggestions,video_marketing
importance of video content in marketing,10,0,0,0,keyword_suggestions,video_marketing
video content marketing quotes,10,0,0,49,keyword_suggestions,video_marketing
video content marketing jobs,10,0,0,47,keyword_suggestions,video_marketing
video content marketing tools,10,0,0.11,17,keyword_suggestions,video_marketing
video content marketing tips,10,0,0,64,keyword_suggestions,video_marketing
best video content marketing examples,10,0,0,0,keyword_suggestions,video_marketing
video content marketing the making of clips,10,0,0,0,keyword_suggestions,video_marketing
why video marketing content,10,0,0,0,keyword_suggestions,video_marketing
video marketing vs content marketing,10,0,0,45,keyword_suggestions,video_marketing
video marketing the future of content marketing,10,0,0,0,keyword_suggestions,video_marketing
how can streaming video enhance content marketing,10,0,0,0,keyword_suggestions,video_marketing
video marketing content ideas,10,0,0,0,keyword_suggestions,video_marketing
content marketing vs video marketing,10,0,0,0,keyword_suggestions,video_marketing
benefits of video content marketing,10,0,0,0,keyword_suggestions,video_marketing
what role does video content play in digital marketing,10,0,0,0,keyword_suggestions,video_marketing
video content marketing 2021,10,0,0,59,keyword_suggestions,video_marketing
does video content improve seo,10,0,0.29,0,keyword_suggestions,video_marketing
seo in guk video,10,0,0,10,keyword_suggestions,video_marketing
short video seo kaise kare,10,0,0,0,keyword_suggestions,video_marketing
youtube video seo checker online,10,0,0,0,keyword_suggestions,video_marketing
seo joon young video,10,0,0,0,keyword_suggestions,video_marketing
video seo audit,10,0,0.24,55,keyword_suggestions,video_marketing
yoast video seo nulled,10,0,0,39,keyword_suggestions,video_marketing
video submission seo,10,0,0,0,keyword_suggestions,video_marketing
what is video seo on youtube,10,0,0,0,keyword_suggestions,video_marketing
tiktok video seo,10,0,0,0,keyword_suggestions,video_marketing
park seo-joon prime video,10,0,0,0,keyword_suggestions,video_marketing
seo video là gì,10,0,0,0,keyword_suggestions,video_marketing
video marketing tips for seo beginners,10,0,0,47,keyword_suggestions,video_marketing
video seo definition,10,0,0,50,keyword_suggestions,video_marketing
does video improve seo,10,0,0.36,0,keyword_suggestions,video_marketing
short video seo,10,0,0,0,keyword_suggestions,video_marketing
lee seo han instagram video,10,0,0,0,keyword_suggestions,video_marketing
seo video audit,10,0,0,0,keyword_suggestions,video_marketing
use video marketing for seo,10,0,0,0,keyword_suggestions,video_marketing
seo tools video,10,0,0,25,keyword_suggestions,video_marketing
seo tutorial video free download,10,0,0,0,keyword_suggestions,video_marketing
yoast video seo changelog,10,0,0,65,keyword_suggestions,video_marketing
seo cares com video,10,0,0,0,keyword_suggestions,video_marketing
lee seo han video,10,0,0,0,keyword_suggestions,video_marketing
video seo 2017,10,0,0,54,keyword_suggestions,video_marketing
free seo video tutorials online,10,0,0,0,keyword_suggestions,video_marketing
optimize your video for seo,10,0,0,0,keyword_suggestions,video_marketing
video seo new york,10,0,0,49,keyword_suggestions,video_marketing
youtube video seo kaise kare,10,0,0,40,keyword_suggestions,video_marketing
video seo score check,10,0,0,0,keyword_suggestions,video_marketing
wordpress seo video tutorial,10,0,0,0,keyword_suggestions,video_marketing
video seo for shopify,10,0,0,0,keyword_suggestions,video_marketing
video helps seo,10,0,0,64,keyword_suggestions,video_marketing
facebook video seo,10,0,0,0,keyword_suggestions,video_marketing
video seo optimization checklist,10,0,0,60,keyword_suggestions,video_marketing
google seo tutorial video,10,0,0,0,keyword_suggestions,video_marketing
cách seo video trên youtube,10,0,0,0,keyword_suggestions,video_marketing
real estate video seo,10,0,0,0,keyword_suggestions,video_marketing
shopify tutorial for beginners youtube,10,0,0.43,0,keyword_suggestions,youtube_verticals
shopify for beginners youtube,10,0,0.14,0,keyword_suggestions,youtube_verticals
youtube shopify tutorial for beginners,10,0,0.1,0,keyword_suggestions,youtube_verticals
youtube shopify for beginners,10,0,0.24,0,keyword_suggestions,youtube_verticals
youtube ads for shopify,10,0,0,0,keyword_suggestions,youtube_verticals
youtube seo strategy 2022,0,0,0,0,keyword_suggestions,core_youtube_seo
youtube seo strategy 2020,0,0,0,58,keyword_suggestions,core_youtube_seo
youtube keyword research tool 2023 free,0,0,0,0,keyword_suggestions,core_youtube_seo
free youtube keyword research tool 2024,0,0,0,0,keyword_suggestions,core_youtube_seo
how to do keyword research for youtube 2022,0,0,0,0,keyword_suggestions,core_youtube_seo
keyword research app for youtube,0,0,0,0,keyword_suggestions,core_youtube_seo
best youtube keyword research tool 2020,0,0,0,0,keyword_suggestions,core_youtube_seo
free youtube keyword research tool 2023,0,0,0,0,keyword_suggestions,core_youtube_seo
best youtube keyword research tool 2023,0,0,0,0,keyword_suggestions,core_youtube_seo
free youtube keyword research tool 2021,0,0,0,0,keyword_suggestions,core_youtube_seo
keyword research youtube video,0,0,0,0,keyword_suggestions,core_youtube_seo
youtube marketing strategy 2016,0,0,0,48,keyword_suggestions,youtube_for_business
youtube online marketing strategy,0,0,0,50,keyword_suggestions,youtube_for_business
youtube marketing strategy 2019,0,0,0,53,keyword_suggestions,youtube_for_business
youtube marketing strategy 2023,0,0,0,0,keyword_suggestions,youtube_for_business
youtube marketing strategy 2020,0,0,0,50,keyword_suggestions,youtube_for_business
video marketing strategy ppt,0,0,0,40,keyword_suggestions,video_marketing
what are the elements of video marketing strategy,0,0,0,0,keyword_suggestions,video_marketing
video marketing strategy 2020,0,0,0,60,keyword_suggestions,video_marketing
e commerce video marketing strategy,0,0,0,0,keyword_suggestions,video_marketing
elements of video marketing strategy,0,0,0,0,keyword_suggestions,video_marketing
amazon prime video marketing strategy in india,0,0,0,0,keyword_suggestions,video_marketing
live video marketing strategy,0,0,0,0,keyword_suggestions,video_marketing
why video content marketing,0,0,0,57,keyword_suggestions,video_marketing
video content marketing agentur,0,0,0,0,keyword_suggestions,video_marketing
video content marketing 2024,0,0,0,0,keyword_suggestions,video_marketing
when looking to create video content for your marketing,0,0,0,0,keyword_suggestions,video_marketing
content for video marketing,0,0,0,41,keyword_suggestions,video_marketing
video creator for content marketing,0,0,0,0,keyword_suggestions,video_marketing
video content marketing trends 2019,0,0,0,55,keyword_suggestions,video_marketing
invideo online video creator for content and marketing,0,0,0,0,keyword_suggestions,video_marketing
