query,impressions,clicks,ctr,position,page
youtube marketing strategy,293,0,0,58.1,https://sellontube.com/blog/youtube-marketing-strategy
b2b video content ideas,55,0,0,70.1,https://sellontube.com/youtube-video-ideas
youtube marketing strategies,35,0,0,35.9,https://sellontube.com/blog/youtube-marketing-strategy
youtube services for b2b,35,0,0,30.6,https://sellontube.com/youtube-for/b2b-companies
best tool for youtube seo,23,0,0,85.9,https://sellontube.com/tools/youtube-seo-tool
youtube marketing for small business,21,0,0,41.3,https://sellontube.com/youtube-for/small-business
youtube marketing plan,17,0,0,26.2,https://sellontube.com/blog/youtube-marketing-strategy
youtube roi,17,0,0,21.6,https://sellontube.com/blog/youtube-marketing-roi
sell tube,14,3,21.43,3.6,https://sellontube.com/
b2b video ideas,12,0,0,57.6,https://sellontube.com/youtube-video-ideas
how to create a youtube channel for business,11,0,0,48.6,https://sellontube.com/blog/create-youtube-channel-for-business
youtube for small business,11,0,0,35.9,https://sellontube.com/youtube-for/small-business
clickbait title generator,10,0,0,67.1,https://sellontube.com/tools/youtube-title-generator
youtube ads services for b2b,10,0,0,82.1,https://sellontube.com/youtube-for/marketing-agencies
youtube services for b2b,10,0,0,59.2,https://sellontube.com/youtube-topics
free youtube transcript,9,0,0,60.4,https://sellontube.com/tools/youtube-transcript-generator
youtube marketing for agencies,9,0,0,18.2,https://sellontube.com/youtube-for/marketing-agencies
youtube marketing for small businesses,9,0,0,42,https://sellontube.com/youtube-for/small-business
youtube services for b2b,9,0,0,51.9,https://sellontube.com/blog/youtube-marketing-b2b
create a youtube business channel,8,0,0,45.4,https://sellontube.com/blog/create-youtube-channel-for-business
create youtube channel for business,8,0,0,32.8,https://sellontube.com/blog/create-youtube-channel-for-business
youtube marketing roi,8,0,0,17.2,https://sellontube.com/blog/youtube-marketing-roi
how to create a youtube channel for a business,7,0,0,48.7,https://sellontube.com/blog/create-youtube-channel-for-business
youtube marketing strategie,7,0,0,44.9,https://sellontube.com/blog/youtube-marketing-strategy
creating a youtube channel for a business,6,0,0,56.2,https://sellontube.com/blog/create-youtube-channel-for-business
youtube b2b marketing best practices,6,0,0,47.5,https://sellontube.com/blog/youtube-marketing-b2b
youtube transcript generator,6,0,0,75,https://sellontube.com/tools/youtube-transcript-generator
"""b2b marketing""",5,0,0,58,https://sellontube.com/youtube-for/b2b-companies
"""youtube auto"" -site:reddit.com -site:twitter.com -site:x.com -site:wykop.pl -site:tripadvisor.com -site:youtube.com -site:yelp.com -site:booking.com -site:facebook.com -site:instagram.com -site:tiktok.com",5,0,0,3.4,https://sellontube.com/tools/youtube-transcript-generator
android youtube search intent,5,0,0,32.6,https://sellontube.com/blog/search-intent-youtube-seo-power
b2b youtube,5,0,0,57.6,https://sellontube.com/blog/youtube-marketing-b2b
create a youtube channel for business,5,0,0,44.6,https://sellontube.com/blog/create-youtube-channel-for-business
how to create a business youtube channel,5,0,0,35.4,https://sellontube.com/blog/create-youtube-channel-for-business
marketing agency youtube,5,0,0,76.4,https://sellontube.com/youtube-for/marketing-agencies
youtube for coaches,5,0,0,16.6,https://sellontube.com/youtube-for-coaches
youtube strategy marketing,5,0,0,40.6,https://sellontube.com/blog/youtube-marketing-strategy
youtube+marketing+strategy,5,0,0,40.6,https://sellontube.com/blog/youtube-marketing-strategy
"""youtube titles"" -site:reddit.com -site:twitter.com -site:x.com -site:wykop.pl -site:tripadvisor.com -site:youtube.com -site:yelp.com -site:booking.com -site:facebook.com -site:instagram.com -site:tiktok.com",4,0,0,2.8,https://sellontube.com/tools/
"""youtube titles"" -site:reddit.com -site:twitter.com -site:x.com -site:wykop.pl -site:tripadvisor.com -site:youtube.com -site:yelp.com -site:booking.com -site:facebook.com -site:instagram.com -site:tiktok.com",4,0,0,5.5,https://sellontube.com/tools/youtube-autocomplete-keywords
free youtube transcription,4,0,0,69.2,https://sellontube.com/tools/youtube-transcript-generator
marketing strategy for youtube channel,4,0,0,87.5,https://sellontube.com/blog/youtube-marketing-strategy
youtube marketing b2b,4,0,0,45.2,https://sellontube.com/blog/youtube-marketing-b2b
youtube services for b2b,4,0,0,70.5,https://sellontube.com/pricing
youtube transcript free,4,0,0,67,https://sellontube.com/tools/youtube-transcript-generator
youtube transcription free,4,0,0,70.2,https://sellontube.com/tools/youtube-transcript-generator
b2b youtube ads agency,3,0,0,64.7,https://sellontube.com/pricing
b2b youtube strategy,3,0,0,40.7,https://sellontube.com/blog/youtube-marketing-b2b
creating youtube channel for business,3,0,0,43.3,https://sellontube.com/blog/create-youtube-channel-for-business
how to create a youtube business channel,3,0,0,48.3,https://sellontube.com/blog/create-youtube-channel-for-business
how to track keywords for youtube,3,0,0,62,https://sellontube.com/blog/how-to-find-youtube-autocomplete-keywords
sell tube,3,0,0,34.3,https://sellontube.com/pricing
video evaluator,3,0,0,19.3,https://sellontube.com/tools/youtube-video-ideas-evaluator
youtube advertising for small business,3,0,0,61,https://sellontube.com/youtube-for/small-business
youtube business channel,3,0,0,29.7,https://sellontube.com/blog/create-youtube-channel-for-business
"""best crm for startups""",2,0,0,46,https://sellontube.com/tools/youtube-autocomplete-keywords
b2b marketing youtube,2,0,0,34.5,https://sellontube.com/blog/youtube-marketing-b2b
b2b youtube,2,0,0,48,https://sellontube.com/youtube-for/b2b-companies
business youtube channel,2,0,0,28.5,https://sellontube.com/blog/create-youtube-channel-for-business
create youtube channel for my business,2,0,0,34.5,https://sellontube.com/blog/create-youtube-channel-for-business
free youtube transcripts,2,0,0,65.5,https://sellontube.com/tools/youtube-transcript-generator
how to create youtube business channel,2,0,0,31,https://sellontube.com/blog/create-youtube-channel-for-business
how to create youtube channel for business,2,0,0,31,https://sellontube.com/blog/create-youtube-channel-for-business
marketing strategy for youtube,2,0,0,56.5,https://sellontube.com/blog/youtube-marketing-strategy
sell tube,2,0,0,33,https://sellontube.com/how-it-works
youtube ads for b2b,2,0,0,59,https://sellontube.com/blog/youtube-marketing-b2b
youtube ads management for small businesses,2,0,0,56,https://sellontube.com/youtube-for/small-business
youtube ads roi,2,0,0,32.5,https://sellontube.com/youtube-vs/paid-ads
youtube advertising roi,2,0,0,14.5,https://sellontube.com/blog/youtube-marketing-roi
youtube autocomplete,2,0,0,13,https://sellontube.com/tools/youtube-autocomplete-keywords
youtube b2b,2,0,0,41.5,https://sellontube.com/youtube-for/b2b-companies
youtube b2b seo,2,0,0,45,https://sellontube.com/blog/youtube-marketing-b2b
youtube scriptwriting for b2b lead generation,2,0,0,29.5,https://sellontube.com/tools/youtube-script-generator
youtube to transcript,2,0,0,5,https://sellontube.com/tools/youtube-transcript-generator
youtube video ideas for coaches,2,0,0,10.5,https://sellontube.com/youtube-video-ideas/coach-results-videos
youtube video marketing for coaches,2,0,0,18.5,https://sellontube.com/youtube-for-coaches
"""churn"" customer or subscriber or saas -milk -butter -ice -cream -oil -employee -job -work",1,0,0,84,https://sellontube.com/tools/youtube-seo-tool
"""semrush"" -semr",1,0,0,75,https://sellontube.com/blog/best-youtube-seo-tools-for-business
"""youtube ads""",1,0,0,81,https://sellontube.com/youtube-vs/paid-ads
"-site:facebook.com -site:fb.me -site:youtube.com -site:youtu.be -site:youtube.be -site:twitter.com -site:instagram.com -site:tiktok.com -site:vm.tiktok.com -site:t.co -site:x.com -site:reddit.com ""marketing intelligence"" and ( ""tool"" or ""tools"" or ""software"" or ""platform"" ) -""mentionlytics"" -""ice"" -""police"" -""trump"" -""hiring"" -""hire"" -""role"" -""job"" -""military"" -""mentionlytics"" -""ice"" -""police"" -""trump"" -""hiring"" -""hire"" -""role"" -""job"" -""military""",1,0,0,34,https://sellontube.com/blog/best-youtube-seo-tools-for-business
b2b youtube agency,1,0,0,19,https://sellontube.com/pricing
b2b youtube agency,1,0,0,39,https://sellontube.com/youtube-for/marketing-agencies
best seo app for youtube,1,0,0,96,https://sellontube.com/blog/best-youtube-seo-tools-for-business
best youtube channel for business,1,0,0,55,https://sellontube.com/blog/create-youtube-channel-for-business
best youtube channels for business,1,0,0,61,https://sellontube.com/blog/create-youtube-channel-for-business
coaches tube,1,0,0,27,https://sellontube.com/youtube-for-coaches
"comparison / buyer intent,hr consulting vs in-house hr",1,0,0,18,https://sellontube.com/youtube-video-ideas/consultant-vs-hire-videos
create a youtube channel for my business,1,0,0,28,https://sellontube.com/blog/create-youtube-channel-for-business
creating a business youtube channel,1,0,0,82,https://sellontube.com/blog/create-youtube-channel-for-business
free youtube transcript generator,1,0,0,106,https://sellontube.com/tools/youtube-transcript-generator
how do i make a youtube channel for my business,1,0,0,29,https://sellontube.com/blog/create-youtube-channel-for-business
how to create a business channel on youtube,1,0,0,49,https://sellontube.com/blog/create-youtube-channel-for-business
how to create a youtube business account,1,0,0,5,https://sellontube.com/blog/create-youtube-channel-for-business
how to create business channel on youtube,1,0,0,37,https://sellontube.com/blog/create-youtube-channel-for-business
how to create business youtube channel,1,0,0,34,https://sellontube.com/blog/create-youtube-channel-for-business
how to make business youtube channel,1,0,0,33,https://sellontube.com/blog/create-youtube-channel-for-business
how to set up a business youtube channel,1,0,0,23,https://sellontube.com/blog/create-youtube-channel-for-business
how to setup a youtube channel for business,1,0,0,69,https://sellontube.com/blog/create-youtube-channel-for-business
how to start a youtube channel for your business,1,0,0,33,https://sellontube.com/blog/create-youtube-channel-for-business
how to start youtube channel for business,1,0,0,33,https://sellontube.com/blog/create-youtube-channel-for-business
is youtube saas,1,0,0,14,https://sellontube.com/youtube-for/saas
notta youtube transcript generator url parameter,1,0,0,11,https://sellontube.com/blog/best-youtube-transcript-generators
saas youtube advertising,1,0,0,18,https://sellontube.com/youtube-for-saas
seo channel,1,0,0,32,https://sellontube.com/blog/youtube-seo-guide
transcript generator youtube,1,0,0,19,https://sellontube.com/tools/youtube-transcript-generator
tube agency,1,0,0,39,https://sellontube.com/youtube-for-agencies
watch consulting foundations videos,1,0,0,79,https://sellontube.com/youtube-for/consultants
what framework does youtube use,1,0,0,35,https://sellontube.com/blog/youtube-marketing-strategy
youtube ad for small business,1,0,0,55,https://sellontube.com/youtube-for/small-business
youtube ads consulting for small businesses,1,0,0,38,https://sellontube.com/youtube-for/small-business
youtube ads for small businesses,1,0,0,55,https://sellontube.com/youtube-for/small-business
youtube b2b,1,0,0,56,https://sellontube.com/blog/youtube-marketing-b2b
youtube b2b marketing,1,0,0,29,https://sellontube.com/blog/youtube-marketing-b2b
youtube b2b markkinointi,1,0,0,40,https://sellontube.com/blog/youtube-marketing-b2b
youtube channel business,1,0,0,34,https://sellontube.com/blog/create-youtube-channel-for-business
youtube channel comparison,1,0,0,63,https://sellontube.com/youtube-vs/
youtube channel for business,1,0,0,29,https://sellontube.com/blog/create-youtube-channel-for-business
youtube cxercgvo-oo transcript,1,0,0,6,https://sellontube.com/tools/youtube-transcript-generator
youtube for b2b,1,0,0,47,https://sellontube.com/blog/youtube-marketing-b2b
youtube keyword tool,1,0,0,25,https://sellontube.com/blog/best-youtube-seo-tools-for-business
youtube marketing,1,0,0,3,https://sellontube.com/blog/youtube-marketing-strategy
youtube marketing consultancy,1,0,0,92,https://sellontube.com/youtube-for/marketing-agencies
youtube marketing strategy product business,1,0,0,10,https://sellontube.com/blog/youtube-marketing-strategy
youtube page consultation,1,0,0,43,https://sellontube.com/youtube-for-consultants
youtube roi,1,0,0,19,https://sellontube.com/tools/youtube-roi-calculator
youtube search autocomplete,1,0,0,24,https://sellontube.com/blog/how-to-find-youtube-autocomplete-keywords
youtube search autocomplete,1,0,0,43,https://sellontube.com/tools/youtube-autocomplete-keywords
youtube search autocomplete for keyword research,1,0,0,10,https://sellontube.com/blog/best-youtube-autocomplete-keyword-tools
youtube seo checker,1,0,0,65,https://sellontube.com/tools/youtube-seo-tool
youtube seo strategy,1,0,0,17,https://sellontube.com/blog/youtube-seo-guide
youtube seo tools,1,0,0,26,https://sellontube.com/blog/best-youtube-seo-tools-for-business
youtube strategy,1,0,0,88,https://sellontube.com/blog/youtube-marketing-strategy
youtube strategy for businesses,1,0,0,21,https://sellontube.com/blog/youtube-marketing-strategy
youtube transcript generator free,1,0,0,67,https://sellontube.com/tools/youtube-transcript-generator
youtube video ideas for coaches,1,0,0,13,https://sellontube.com/youtube-video-ideas/coach-methodology-videos
youtube video seo tracking tool,1,0,0,49,https://sellontube.com/tools/youtube-seo-tool
youtube's marketing strategy,1,0,0,38,https://sellontube.com/blog/youtube-marketing-strategy
