Top queries,Clicks,Impressions,CTR,Position
youtube autocomplete,8,324,2.47%,8.82
youtube rank checker,5,2220,0.23%,30.13
youtube tag rank checker,3,316,0.95%,24.63
youtube tags rank checker,3,293,1.02%,22.6
youtube channel audit,3,80,3.75%,44.29
youtube transcript generator free,2,61,3.28%,18.77
youtube competition checker,2,32,6.25%,11.16
youtube transcript no sign up,2,21,9.52%,8.14
youtube title ranking checker,2,8,25%,11.5
youtube rank tracker,1,2506,0.04%,42.44
youtube keyword rank checker,1,922,0.11%,36.2
youtube ranking checker,1,296,0.34%,22.61
keyword intent io youtube free,1,260,0.38%,6.34
youtube channel ranking checker,1,184,0.54%,24.55
youtube search rank checker,1,183,0.55%,28.11
youtube competitor analysis,1,113,0.88%,50.76
youtube business plan,1,69,1.45%,9.97
youtube channel ranking check,1,44,2.27%,9.07
free youtube transcript generator,1,37,2.7%,19.38
video rank,1,33,3.03%,12.7
youtube rank,1,32,3.12%,8.28
youtube audit tool,1,25,4%,26.72
tags rank checker,1,24,4.17%,27.75
youtube script generator,1,20,5%,43.6
sell tube,1,14,7.14%,9.93
free youtube transcript generator no signup,1,11,9.09%,8.82
tag rank checker,1,11,9.09%,34.36
my youtube channel ranking,1,10,10%,11.3
youtube transcript free no sign up,1,8,12.5%,7.5
youtube auto suggest,1,6,16.67%,13.33
free youtube channel audit & analyzer tool,1,3,33.33%,18
youtube to transcript,1,3,33.33%,56
youtube transcript com alternative,1,2,50%,9
youtube channel audit tools,1,2,50%,42
youtube transcript generator ai free no sign up,1,1,100%,5
ranking video youtube,1,1,100%,6
youtube channel dead check,1,1,100%,6
youtube keywords generator,1,1,100%,7
free youtube transcribe,1,1,100%,8
youtube transcript generator no captions,1,1,100%,10
youtube title generator,1,1,100%,12
youtube scriptwriting for b2b lead generation,0,1899,0%,8.26
youtube rank tracking,0,1726,0%,40.13
youtube video rank checker,0,1480,0%,35.35
youtube keyword ranking checker,0,1295,0%,39.41
video rank tracker,0,1239,0%,48.91
youtube video rank tracking,0,974,0%,49.85
youtube rank checker online,0,861,0%,33.03
rank tracker youtube,0,828,0%,44.71
how to check youtube keyword ranking,0,817,0%,35.24
perfect youtube script structure for business owners,0,809,0%,8.78
video rank checker,0,805,0%,40.61
video keyword rank tracking,0,789,0%,46
youtube video rank tracker,0,566,0%,47.68
youtube ranking tool,0,544,0%,16.2
keywordintent.io youtube,0,531,0%,6.95
youtube video keyword ranker,0,479,0%,32.39
youtube description generator,0,465,0%,27.65
keyword rank tracking video,0,459,0%,42.61
youtube ranking tracker,0,435,0%,43.25
youtube keyword rank tracking,0,413,0%,52.77
youtube keyword rank tracker,0,406,0%,54.84
youtube channel rank checker,0,404,0%,22.84
youtube keyword ranking,0,403,0%,33
youtube keyword ranker,0,398,0%,40.44
video seo keyword rank tracking,0,370,0%,42.3
youtube rank checker online free,0,350,0%,21.74
youtube keyword ranking tool,0,330,0%,47.26
b2b video marketing,0,328,0%,47.42
youtube search ranking,0,323,0%,25.8
keyword rank tracking videos,0,322,0%,31.69
keyword rank checker youtube,0,305,0%,33.72
video rank tracking,0,293,0%,44.31
youtube60100,0,289,0%,8.15
keyword intent io youtube,0,263,0%,7.14
youtube ranker,0,250,0%,21.77
youtube seo checker,0,249,0%,40.92
youtube video ranking checker,0,219,0%,27.56
youtube channel keyword rank tracking google,0,211,0%,28.18
check youtube ranking,0,194,0%,23.59
youtube video rank checker online,0,191,0%,26.61
video seo rank tracking,0,189,0%,48.3
track ranking of youtube videos,0,185,0%,38.14
yt rank checker,0,181,0%,28.65
youtube keyword rank checker free,0,179,0%,39.89
video seo keyword rank tracker,0,178,0%,43.56
youtube channel seo checker,0,172,0%,32.64
track videos rank on youtube,0,169,0%,39.36
best tool for youtube seo,0,166,0%,46.41
youtube video rank,0,160,0%,24.88
rank checker youtube,0,158,0%,33.85
youtube seo rank checker,0,153,0%,28.46
youtube search rank,0,151,0%,31.66
how to track keywords for youtube,0,151,0%,42.01
b2b video content ideas,0,150,0%,63.63
track youtube rankings,0,145,0%,16.17
check youtube rank,0,144,0%,21.52
youtube page rank checker,0,143,0%,33.52
youtube ranking search tool,0,139,0%,24
youtube search ranker,0,136,0%,22.31
free youtube keyword search tool,0,136,0%,66.65
youtube video tag rank checker,0,134,0%,27.22
youtube roi,0,129,0%,15.98
youtube video rankings,0,129,0%,21.04
youtube idea generator,0,129,0%,27.81
youtube keyword rank tracking google,0,129,0%,48.47
check video rankings,0,124,0%,24.26
youtube video ranker,0,123,0%,21.38
youtube marketing strategy,0,122,0%,61.98
check youtube video ranking,0,121,0%,29.02
youtube tag rank tracking tool,0,120,0%,31.24
youtube video settings checklist upload optimization,0,119,0%,11.06
youtube ranking checker tool,0,119,0%,29.82
youtube rank checker net,0,118,0%,9.41
video marketing b2b,0,118,0%,38.3
clickbait title generator,0,118,0%,42.25
youtube channel rank tracker tool,0,116,0%,32.54
b2b video marketing strategy,0,114,0%,39.75
youtube channel rank tracking tool,0,113,0%,32.1
video keyword rank tracker,0,112,0%,38.26
youtube search rank tracking,0,111,0%,29.23
youtube rank tracking online,0,109,0%,32.78
check video ranking on youtube,0,109,0%,32.86
youtube video tag rank tracking tool,0,109,0%,35.79
keyword ranking youtube,0,108,0%,24.94
youtube title rank tracking tool,0,107,0%,23.61
youtube title rank tracker tool,0,107,0%,24.29
where did i can see youtube competitor analysis,0,106,0%,25.12
video carousel rank checker,0,105,0%,9.87
youtube title rank checker,0,105,0%,26.42
check youtube video rank,0,105,0%,28.56
youtube search rank tracking tool,0,103,0%,33.36
youtube video rank tracking tool,0,103,0%,37.99
keyword intend.io youtube,0,102,0%,6.19
keywords intent.io youtube,0,102,0%,7.13
youtube rank checker tool,0,102,0%,29.72
yt rank tracking tool,0,101,0%,33.21
youtube rank tracker online,0,100,0%,33.33
youtube channel optimization checklist 2026,0,99,0%,5.43
youtube search rankings,0,99,0%,26.55
keyword rank tracking youtube,0,99,0%,32.69
youtube search rank checker tool,0,98,0%,31.05
youtube keyword rank checker tool,0,97,0%,34.68
youtube rank tracking tool,0,97,0%,36.53
youtube tag rank tracking,0,96,0%,26.89
youtube ranking check,0,94,0%,25.03
youtube+rank+tracking,0,94,0%,39.53
yt rank tracker,0,93,0%,31.18
youtube video rank checker tool,0,92,0%,25.65
youtube tag rank tracker tool,0,92,0%,30.17
how do you analyze a youtube competitor,0,91,0%,27.38
youtube competition analysis,0,90,0%,24.01
youtube title rank tracking,0,90,0%,25.86
how do you analyze a youtube competitor?,0,89,0%,27.57
youtube marketing for small business,0,87,0%,27.68
youtube video tag rank tracker,0,87,0%,32.2
youtube tag ranking checker,0,85,0%,23.11
youtube shorts for business,0,85,0%,23.67
rank tracking youtube,0,85,0%,26.72
youtube seo rank checker tool,0,85,0%,27.69
search youtube channel competitor analysis,0,85,0%,27.73
youtube keyword rank,0,84,0%,34.73
youtube serp checker,0,82,0%,40.26
youtube search rank tracker tool,0,81,0%,36.81
check competition,0,80,0%,26.3
youtube tag rank tracker,0,80,0%,27.66
youtube channel rank tracking,0,80,0%,34.09
youtube seo rank tracking tool,0,79,0%,33.22
youtube rank tracker tool,0,78,0%,34.35
youtube seo rank tracking,0,78,0%,35.55
youtube video rank tracker tool,0,78,0%,37.67
keywordintent io youtube,0,77,0%,6.39
ryrob youtube tag generator,0,77,0%,6.83
youtube seo rank tracker,0,77,0%,33.81
youtube seo audit,0,77,0%,34.9
keyword intent.io youtube,0,76,0%,7.45
youtube title rank tracker,0,76,0%,25.16
youtube search rank tracker,0,74,0%,31.53
competitive analysis for youtube,0,73,0%,38.52
best seo tool for youtube,0,73,0%,45.04
youtube search ranking tool,0,71,0%,23.62
youtube intent io,0,69,0%,8.19
youtube video ranking,0,68,0%,19.34
youtube video seo rank tracker,0,67,0%,35.96
youtube search autocomplete,0,66,0%,10.05
youtube keyword rank tracker tool,0,64,0%,38.08
youtube+video+rank+tracking,0,63,0%,53.3
keywordtool.io/youtube,0,62,0%,24.94
youtube video seo checker,0,62,0%,26.94
youtube seo services,0,62,0%,35.1
youtube video seo rank tracker tool,0,61,0%,32.3
youtube seo rank tracker tool,0,61,0%,34.18
b2b video content,0,61,0%,38.93
youtuber rank checker,0,60,0%,20.68
b2b video strategy,0,60,0%,43.65
youtube services for b2b,0,59,0%,27.76
b2b video content marketing,0,59,0%,39.24
youtube video idea generator,0,58,0%,24.97
youtube video rank tracker online,0,58,0%,38.6
seo tube,0,55,0%,17.58
video seo rank tracker,0,55,0%,23.65
youtube clickbait title generator,0,55,0%,27.42
youtube vs linkedin,0,54,0%,10.22
search intent youtube,0,53,0%,24.51
where can you go to see which keywords viewers are using to find your video?,0,53,0%,30.57
youtube video description generator,0,48,0%,23.15
youtube seo checklist,0,48,0%,60.38
tag ranking checker,0,47,0%,25.19
free seo tool for youtube,0,47,0%,50.28
youtube rank checker free,0,46,0%,40.11
youtube search engine ranking,0,45,0%,22.78
keyword intent .io youtube,0,44,0%,7.18
youtube keyword rank tracking tool,0,44,0%,31.48
clickbait titles generator,0,44,0%,35.95
youtube transcript generator,0,44,0%,55.59
how well do i rank on youtube,0,43,0%,32.16
linkedin vs youtube tv,0,42,0%,10.48
find great keywords using youtube autocomplete,0,42,0%,13.62
youtube video ideas generator,0,42,0%,23.79
keyword rank tracker youtube,0,42,0%,50.17
keywords intent io youtube,0,41,0%,7.39
yt rank,0,41,0%,16
free youtube rank tracker,0,41,0%,36.44
youtube rank tool,0,40,0%,15.35
youtube video ranking tool,0,40,0%,24.27
youtube channel business plan,0,39,0%,12.51
youtube video roi,0,39,0%,15.77
keyword dintent.io youtube,0,38,0%,6.34
video ranking tool,0,37,0%,14.16
ryrob youtube keyword tool review,0,36,0%,11.39
youtube business plan template,0,36,0%,14.11
rank my youtube channel,0,35,0%,25.57
ai youtube description generator,0,35,0%,52.37
free youtube rank checker,0,34,0%,23.82
check seo youtube,0,34,0%,30.91
best youtube seo tools free,0,34,0%,31.03
keyword tool youtube autocomplete official,0,33,0%,9.48
youtube video rank checker free,0,33,0%,46.67
rank on youtube,0,32,0%,14.09
youtube channel rank tracker,0,32,0%,23.44
how to check youtube video ranking,0,32,0%,31.22
youtube ranking software,0,32,0%,46.72
"""youtube optimisation checklist"" ""simply business""",0,31,0%,9.9
youtube marketing roi,0,31,0%,14.32
youtube+rank+tracker,0,31,0%,21.65
youtube autosuggest,0,31,0%,22.35
how to track keywords for youtube channel,0,31,0%,28.58
ryrob youtube keyword tool,0,29,0%,8.21
youtube optimization checklist,0,29,0%,18.07
how to check my youtube channel ranking,0,29,0%,20.14
video idea generator,0,29,0%,37.24
keyword intent to youtube,0,28,0%,7.96
track video rankings on youtube,0,28,0%,15.86
yt rank analyzer,0,28,0%,20.11
youtube competitive analysis,0,28,0%,23.07
youtube video seo tracking tool,0,28,0%,39.68
best youtube tag ranking checker,0,28,0%,41.21
ai tag youtube,0,28,0%,51.64
youtube transcription free,0,28,0%,60.14
free youtube video rank checker,0,27,0%,21.93
rank pro checker youtube videos,0,27,0%,36.63
youtube competitor analysis tool,0,27,0%,40.78
b2b video ideas,0,27,0%,43.78
competition check,0,26,0%,35.19
rank checker pro youtube review,0,26,0%,42.38
check ranking for keyword youtube,0,26,0%,53.92
cek seo youtube,0,25,0%,20.88
video ideas generator,0,25,0%,31.76
title ranking checker for youtube,0,25,0%,33.96
check position keyword youtube,0,25,0%,43
channel audit definition,0,25,0%,45.84
youtube serp tracker tool,0,25,0%,47.24
youtube transcript free,0,25,0%,47.84
check keyword position youtube,0,25,0%,50.08
search ranking checker youtube,0,25,0%,54.92
ai description generator for youtube,0,25,0%,61.96
"""sparktoro""",0,25,0%,77.6
youtube channel ranker,0,24,0%,14.38
best rank checker free youtube,0,24,0%,37.54
best position checker youtube,0,24,0%,38.58
youtube channel ranking checker free,0,24,0%,49.12
rank checker top 1000,0,24,0%,49.62
youtube video transcript generator,0,24,0%,52.92
check keywords rank youtube,0,24,0%,53
search rank checker youtube,0,24,0%,54.08
free youtube transcription,0,24,0%,54.79
best free keyword tool for youtube,0,24,0%,87.54
linkedin vs youtube,0,23,0%,10.57
youtube seo tool,0,23,0%,13.96
youtube keyword ranking tool free,0,23,0%,36.04
best youtube rank checker online free,0,23,0%,41.43
youtube video script generator,0,23,0%,45.43
position checker youtube,0,23,0%,49.17
keyword position checking youtube,0,23,0%,50.22
free youtube transcript,0,23,0%,52.74
youtube transcript,0,23,0%,53
ranking check keyword youtube,0,23,0%,53.52
check keyword ranking for my site youtube,0,23,0%,53.57
rank checker tool youtube,0,23,0%,54.35
youtube rank checker online india,0,22,0%,36.64
youtube seo service,0,22,0%,38.36
youtube site keyword rank checker,0,22,0%,41.95
google keyword ranking search youtube,0,22,0%,45
youtube serp tracking tool,0,22,0%,45.55
check keyword ranking online youtube,0,22,0%,46.05
video b2b marketing,0,22,0%,47.32
channel checker,0,22,0%,51.27
check site ranking by keyword youtube,0,22,0%,61.41
keyword tool for youtube free,0,22,0%,92.18
"""youtube titles"" -site:reddit.com -site:twitter.com -site:x.com 
-site:wykop.pl -site:tripadvisor.com -site:youtube.com -site:yelp.com 
-site:booking.com -site:facebook.com -site:instagram.com -site:tiktok.com",0,21,0%,3.52
online youtube rank tracker,0,21,0%,21.19
youtube ranking tools,0,21,0%,31.71
best video rank checker for youtube,0,21,0%,38
rank checker pro youtube free,0,21,0%,40.57
search position checker youtube,0,21,0%,42.29
check site ranking for keyword youtube,0,21,0%,47
search ranking checker free youtube,0,21,0%,49.38
youtube video keyword rank checker,0,21,0%,52.33
keyword position checker youtube,0,21,0%,56
check keyword position free youtube,0,21,0%,56.38
youtube search engine rank checker tool,0,21,0%,57.33
keywords position checker youtube,0,21,0%,57.9
best keyword position checker free youtube,0,20,0%,40.95
check site keyword position youtube,0,20,0%,46.1
keyword search position checker youtube,0,20,0%,47.2
keyword ranking in youtube,0,20,0%,48.6
check rank keyword google youtube,0,20,0%,49.95
check my keyword rank youtube,0,20,0%,57.45
check keyword rank youtube,0,20,0%,58.25
youtube site keyword ranking checker,0,20,0%,58.55
youtube autocomplete free,0,19,0%,6.32
youtube auto complete,0,19,0%,11.16
rank checker top 1000 youtube,0,19,0%,17.95
youtube video ranks,0,19,0%,18.84
youtube marketing for agencies,0,19,0%,19.26
best youtube rank checker online india,0,19,0%,27.68
rank checker pro free youtube,0,19,0%,30.68
best youtube video rank checker online,0,19,0%,30.95
find keyword position youtube,0,19,0%,31.26
best rank checker pro youtube,0,19,0%,38.11
ai youtube tags,0,19,0%,39.74
best youtube rank tracker online,0,19,0%,47.63
seo keyword rank checker tool youtube,0,19,0%,49.26
youtube keyword position checker tool,0,19,0%,49.26
youtube keyword ranking scan,0,19,0%,51.26
youtube keyword ranking checker free,0,19,0%,52.68
rank keyword checker youtube,0,19,0%,63.11
best free youtube keyword tool,0,19,0%,91.32
keyword intent youtube,0,18,0%,15.06
youtube rank checker online india app,0,18,0%,24.67
keyword position finder youtube,0,18,0%,25.56
yandex rank tracker free youtube,0,18,0%,36.83
video marketing for b2b,0,18,0%,39.39
best search position checker youtube,0,18,0%,43.89
checklist seo youtube,0,18,0%,47.39
youtube ranking tool online free,0,18,0%,47.44
online rank checker uk youtube,0,18,0%,48.11
youtube keyword ranking checker tool free,0,18,0%,51.11
best free rank checker youtube,0,18,0%,52.06
multiple keyword position checker youtube,0,18,0%,52.5
rank checker uk youtube,0,18,0%,52.67
youtube keyword ranking position checker,0,18,0%,53.72
site position checker youtube,0,18,0%,54.33
search rank tracker youtube,0,18,0%,56.17
position rank tracker youtube,0,18,0%,56.39
check keyword ranking free youtube,0,18,0%,56.67
site rank check keyword youtube,0,18,0%,59.56
ai tag generator for youtube,0,18,0%,59.83
rank checker top 1000 free youtube,0,17,0%,13.41
best keyword ranking checker tool free youtube,0,17,0%,18
youtube seo ranking,0,17,0%,21.35
check youtube seo,0,17,0%,25.76
youtube video ideas for business,0,17,0%,26.59
rank pro checker youtube videos free,0,17,0%,27.35
youtube tag ranking checker free,0,17,0%,28
youtube video ranking check,0,17,0%,29.18
check site position youtube,0,17,0%,33.82
rank checker pro youtube app,0,17,0%,34.82
tag rank checker youtube,0,17,0%,35.06
youtube channel ranking checker online,0,17,0%,35.59
description generator for youtube,0,17,0%,38.59
youtube audit tools,0,17,0%,39.88
best keyword rank checker tool free youtube,0,17,0%,40.06
rank pro checker youtube videos online,0,17,0%,43.47
rank checker pro youtube,0,17,0%,45.82
seo rank finder youtube,0,17,0%,51.76
keyword rank on youtube,0,17,0%,51.82
youtube channel audit tool,0,17,0%,52.41
search rank checker free youtube,0,17,0%,53.12
ranking checker keyword youtube,0,17,0%,53.65
ask rank tracker youtube,0,17,0%,57.88
best free rank checker online youtube,0,17,0%,58.65
rank checker top 1000 youtube free,0,16,0%,19.12
youtube channel ranking checker app,0,16,0%,21.31
youtube video ranker software,0,16,0%,27.69
accurate rank tracker free youtube,0,16,0%,28.12
check keyword ranking for my site free youtube,0,16,0%,29.38
check my keyword position google youtube,0,16,0%,30.5
rank keyword checker free youtube,0,16,0%,33.88
check my keyword rank google youtube,0,16,0%,37.56
engine keyword ranking search youtube,0,16,0%,39.12
keyword position youtube,0,16,0%,42.31
best video rank checker,0,16,0%,42.94
test keyword ranking free youtube,0,16,0%,43.5
best search ranking checker youtube,0,16,0%,44.19
youtube seo keyword rank checker tool,0,16,0%,47.25
keyword rankings in youtube,0,16,0%,48.06
rank checker free youtube,0,16,0%,48.69
best keyword position checker youtube,0,16,0%,48.81
keyword position tracker youtube,0,16,0%,49.56
youtube keyword position checker free,0,16,0%,50.12
video rank checker free,0,16,0%,50.19
web position checker youtube,0,16,0%,51.19
position checker youtube free,0,16,0%,52
youtube keywords ranking checker tool,0,16,0%,52.06
description generator youtube,0,16,0%,52.25
youtube website keywords ranking checker,0,16,0%,52.75
online keyword position checker youtube,0,16,0%,53.19
keyword position tracking youtube,0,16,0%,54.94
rank finder youtube,0,16,0%,55.94
youtube keyword rank checker tools,0,16,0%,57
youtube keyword position reporting tool,0,16,0%,57.38
position checker free youtube,0,16,0%,58.12
keyword rank search youtube,0,16,0%,62.75
youtube channel rank checker online free,0,15,0%,18.4
watch let's build a predictable selling system,0,15,0%,18.8
youtube marketing plan,0,15,0%,22.27
video content strategy b2b,0,15,0%,22.33
youtube seo online,0,15,0%,25.8
mobile rank checker free youtube,0,15,0%,26.6
video rank checker online,0,15,0%,27.53
ask rank tracker free youtube,0,15,0%,31.47
youtube channel ranking checker online free,0,15,0%,33.6
youtube site keyword ranking free,0,15,0%,33.6
yt rank checker free,0,15,0%,36
check rank free youtube,0,15,0%,36.67
"""rand fishkin""",0,15,0%,37.13
check rank youtube,0,15,0%,40.13
youtube ranking tool free,0,15,0%,43.13
best youtube rank checker online,0,15,0%,43.6
rank tracker online youtube,0,15,0%,46.07
best youtube ranking tool,0,15,0%,47.67
yahoo rank checker youtube,0,15,0%,48
youtube video ranking software,0,15,0%,48.67
youtube video rank checker free online,0,15,0%,49.53
free rank checker youtube,0,15,0%,49.87
youtube competitor analysis free,0,15,0%,50.27
youtube website keyword ranking checker,0,15,0%,52.6
youtube video rank tracking free,0,15,0%,53.87
youtube keyword checker rank,0,15,0%,55.6
free position checker youtube,0,15,0%,57
seo keyword rank checker youtube,0,15,0%,57.13
best keyword rank checker youtube,0,15,0%,61.13
search position checker youtube free,0,15,0%,62.27
youtube keyword intent io,0,14,0%,7.07
keyword intent. io youtube,0,14,0%,7.14
see what keywords a website ranks for free youtube,0,14,0%,16.57
youtube search engine rank,0,14,0%,19.57
how to rank in youtube,0,14,0%,26.29
yt rank checker app,0,14,0%,26.36
best video rank checker online,0,14,0%,28
search engine position checker tool youtube,0,14,0%,29.29
check website keyword position youtube,0,14,0%,33.07
best video rank checker free,0,14,0%,33.5
check google position keyword youtube,0,14,0%,36.21
google search term ranking tool for youtube,0,14,0%,37.07
best youtube ranking software,0,14,0%,38.5
check keyword position google youtube,0,14,0%,39.07
multiple rank checker youtube,0,14,0%,39.14
multiple rank checker free youtube,0,14,0%,39.21
keyword search position checker free youtube,0,14,0%,39.93
best site position checker youtube,0,14,0%,40.36
keywords i rank for youtube,0,14,0%,41.07
competition rank tracker online youtube,0,14,0%,42.14
checking keyword ranking free youtube,0,14,0%,44.79
my keyword ranking youtube,0,14,0%,45.36
youtube keyword position tracking tool for youtube,0,14,0%,46.21
ranking checker keyword free youtube,0,14,0%,46.36
youtube website rank checker,0,14,0%,47.14
rank tracker free youtube,0,14,0%,48
how to check youtube channel ranking,0,14,0%,48.14
ask rank tracker online youtube,0,14,0%,49.57
youtube website position checker,0,14,0%,50.07
keyword page rank checker youtube,0,14,0%,50.5
best youtube search engine rank checker tool,0,14,0%,51.07
rank checker tool youtube free,0,14,0%,52.5
youtube website keyword rank checker,0,14,0%,52.71
check page rank for keyword youtube,0,14,0%,53.14
youtube keyword rank tool,0,14,0%,53.79
youtube channel description generator,0,14,0%,54.29
track keyword rank youtube,0,14,0%,56.71
best youtube site keyword ranking checker,0,14,0%,57.79
track keyword position youtube,0,14,0%,59.29
аудит канала youtube,0,14,0%,61.79
best youtube keyword ranking checker tool free,0,14,0%,64.29
аудит канала ютуб,0,14,0%,64.5
youtube tags generator,0,13,0%,8.31
search position tool youtube,0,13,0%,13.23
youtube transcript finder,0,13,0%,17.92
best multiple rank checker youtube,0,13,0%,19.77
youtube tag ranking checker app,0,13,0%,23.38
youtube video rank checker online apk,0,13,0%,27.31
youtube rank checker online free app,0,13,0%,32.77
youtube seo ranking checker,0,13,0%,34
check my keyword rank free youtube,0,13,0%,34.77
rank checker uk youtube app,0,13,0%,34.77
multiple rank checker online youtube,0,13,0%,37.85
best ranking tracker free youtube,0,13,0%,38.62
ask rank tracker youtube app,0,13,0%,39.46
best seo keyword rank checker youtube,0,13,0%,43.15
seo keyword position checker youtube,0,13,0%,43.69
page position checker youtube,0,13,0%,44.62
ranking tracker free youtube,0,13,0%,45.15
what is rank tracker for youtube,0,13,0%,46
youtube site keyword ranking checker free,0,13,0%,46.23
best search engine position checker tool youtube,0,13,0%,46.62
online rank checker youtube,0,13,0%,47.15
keyword position monitor youtube,0,13,0%,48.92
website position checker youtube,0,13,0%,49.69
youtube keyword ranking report free,0,13,0%,49.77
best site rank check keyword youtube,0,13,0%,50.23
free rank checker online youtube,0,13,0%,51.92
multiple keyword position checker free youtube,0,13,0%,52.15
best youtube keywords ranking checker tool,0,13,0%,53.08
youtube description generator ai,0,13,0%,53.46
description generator,0,13,0%,53.54
best keyword search position checker youtube,0,13,0%,53.77
how to check competitors keywords free on youtube,0,13,0%,59.54
free keyword position checker youtube,0,13,0%,61
youtube video transcript generator free,0,13,0%,61.92
position checker online youtube,0,13,0%,63.15
youtube keyword position monitor online,0,13,0%,63.31
keyword position checker youtube free,0,13,0%,65.77
youtube autocomplete for keyword research,0,12,0%,6.08
youtube video tag rank checker online free,0,12,0%,19.25
best check site position youtube,0,12,0%,19.5
where this video ranks in youtube search results,0,12,0%,20.25
search engine keyword position free youtube,0,12,0%,20.83
youtube search word ranking,0,12,0%,21.75
title ranking checker,0,12,0%,23.83
youtube video rank checker apk,0,12,0%,24.58
how to check website ranking for free youtube,0,12,0%,24.83
find your google ranking free youtube,0,12,0%,26.67
check keyword ranking tool free youtube,0,12,0%,28.5
youtube video tag rank checker free,0,12,0%,28.58
youtube rank tracker app free,0,12,0%,29.17
yt rank checker online,0,12,0%,29.25
keyword rank on meaning youtube,0,12,0%,29.5
best video rank checker online free,0,12,0%,32.08
how does youtube rank search results,0,12,0%,32.75
youtube for b2b,0,12,0%,36.08
youtube seo keyword ranker,0,12,0%,37.17
best web position checker youtube,0,12,0%,37.5
youtube seo keyword rank checker tool free,0,12,0%,38.17
youtube video ranker free,0,12,0%,38.33
best page position checker youtube,0,12,0%,38.42
best youtube keyword ranking position checker,0,12,0%,38.75
youtube yt rank checker free,0,12,0%,39
best website position checker youtube,0,12,0%,39.33
youtube keyword ranking position free,0,12,0%,40.83
youtube competitor analysis tool free,0,12,0%,41.5
youtube ranking tool online,0,12,0%,42.17
youtube rank tracker free,0,12,0%,44
rank tracker free online youtube,0,12,0%,44.08
check site keyword position online youtube,0,12,0%,44.75
keyword position monitor youtube free,0,12,0%,44.92
competition rank tracker free youtube,0,12,0%,45.5
google ranking search youtube,0,12,0%,46.42
youtube keyword ranking free,0,12,0%,46.42
youtube keywords ranking checker online,0,12,0%,46.58
best youtube keyword position checker tool,0,12,0%,46.92
how to create a youtube channel for business,0,12,0%,47.58
youtube website search ranking checker,0,12,0%,49
best seo rank checker youtube,0,12,0%,50.08
keyword rank on free youtube,0,12,0%,51.33
ai youtube tag generator,0,12,0%,52.08
multiple keyword rank checker youtube,0,12,0%,53.08
youtube description maker,0,12,0%,53.08
online keyword rank checker youtube,0,12,0%,54
youtube keyword rank checker tool free,0,12,0%,54.42
check keywords ranking free youtube,0,12,0%,59
youtube keyword position tracking tool online,0,12,0%,59.17
best organic keyword rank checker youtube,0,12,0%,63.67
search ranking checker youtube free,0,12,0%,65.33
keyword position checking youtube free,0,12,0%,71.42
youtube autocomplete keyword research,0,11,0%,7.45
youtube transcript generator no sign up,0,11,0%,8
youtube video tag rank checker online,0,11,0%,18.18
youtube video rank generator,0,11,0%,21.45
youtube video rank checker app,0,11,0%,23.64
"""zero click marketing""",0,11,0%,24.45
check google position search youtube,0,11,0%,24.82
youtube clickbait generator,0,11,0%,27.18
youtube rank checker app free,0,11,0%,28
best multiple keyword position checker youtube,0,11,0%,28.73
youtube rank tracker free app,0,11,0%,28.82
youtube b2b marketing best practices,0,11,0%,30
multiple rank checker youtube free,0,11,0%,30.18
youtube rank checker app,0,11,0%,30.18
competitor analysis youtube,0,11,0%,32.09
multiple rank checker youtube app,0,11,0%,32.09
how to check website keyword ranking free youtube,0,11,0%,34.45
keyword6064,0,11,0%,34.45
how to check youtube channel ranking for free,0,11,0%,34.55
youtube keyword rank checker app,0,11,0%,34.64
youtube for small business,0,11,0%,35.91
search engine keyword rank checker online youtube,0,11,0%,37.82
free rank checker youtube app,0,11,0%,38.55
how to check youtube channel ranking online,0,11,0%,38.91
seo position checker youtube,0,11,0%,38.91
monitor keyword position youtube,0,11,0%,39.73
keyword position tracking tool youtube,0,11,0%,40.09
youtube keyword rank checker online,0,11,0%,42.55
free rank tracker app for youtube,0,11,0%,43.55
multiple keyword rank checker google youtube,0,11,0%,44.91
ranking check keyword youtube free,0,11,0%,47.64
best keyword position checking youtube,0,11,0%,47.82
what is rank checker free youtube,0,11,0%,48.91
youtube rank tracker online free,0,11,0%,48.91
search rank tracker youtube app,0,11,0%,50.27
google keyword ranking tool for youtube,0,11,0%,50.36
rank tracker online free youtube,0,11,0%,50.55
youtube keyword rank checker uk,0,11,0%,51.09
youtube checklist,0,11,0%,51.73
best rank keyword checker youtube,0,11,0%,52.45
organic keyword rank checker youtube,0,11,0%,52.64
best rank checker tool youtube,0,11,0%,52.91
transcript youtube,0,11,0%,53.64
best youtube seo keyword rank checker tool,0,11,0%,54.27
best seo keyword rank checker tool youtube,0,11,0%,54.55
youtube video rank tracking online,0,11,0%,56.64
youtube keyword position tracking tool,0,11,0%,63.73
best youtube keyword rank checker tool,0,11,0%,63.82
youtube channel optimization checklist,0,10,0%,6.1
youtube ranking system free,0,10,0%,6.6
free youtube transcript generator no sign up,0,10,0%,7.6
youtube seo price,0,10,0%,8.1
check google position search youtube free,0,10,0%,14
how 2 rank on youtube,0,10,0%,17.8
youtube tag ranking checker online,0,10,0%,18.9
youtube video rank checker online free,0,10,0%,19.5
find keyword position free youtube,0,10,0%,21
youtube seo rank checker online free,0,10,0%,21.4
rank tracker keyword free youtube,0,10,0%,23.2
youtube video tag rank checker app,0,10,0%,24.5
youtube website rank tracker free,0,10,0%,26.1
best youtube rank tracker app,0,10,0%,27.7
best seo tools for youtube,0,10,0%,29
ranking tracker free youtube app,0,10,0%,29.8
youtube rank tracker app for pc,0,10,0%,30.5
search ranking checker youtube app,0,10,0%,30.8
google rank tracker app for youtube,0,10,0%,31.8
check position keyword youtube free,0,10,0%,32.7
search rank checker youtube app,0,10,0%,34.9
search rank tracker free youtube,0,10,0%,35
check website keyword ranking free youtube,0,10,0%,36.8
how to check my website keyword ranking free youtube,0,10,0%,37.3
multiple keyword rank checker free youtube,0,10,0%,37.3
seo rank checker youtube,0,10,0%,37.4
best rank finder youtube,0,10,0%,37.9
organic keyword rank checker free youtube,0,10,0%,37.9
rank pro checker youtube videos download,0,10,0%,38
youtube ranker online free,0,10,0%,38
free rank checker online youtube app,0,10,0%,38.7
youtube marketing for small businesses,0,10,0%,39.9
search rank tracker youtube free,0,10,0%,40.2
youtube seo rank checker online,0,10,0%,40.6
engine keyword rank checker free youtube,0,10,0%,41.9
how to check youtube seo ranking,0,10,0%,41.9
unlimited keyword rank tracking free youtube,0,10,0%,42.1
check keyword rank free youtube,0,10,0%,42.6
how to check competitors keywords free youtube,0,10,0%,43.9
keyword6079,0,10,0%,44.6
rank tracker free online youtube app,0,10,0%,45
youtube website keyword ranking checker free,0,10,0%,45.2
pro rank tracker free youtube,0,10,0%,46.5
youtube website keywords ranking checker free,0,10,0%,47.4
youtube keyword rank tracker tool free,0,10,0%,48.3
keyword position monitor youtube app,0,10,0%,48.5
youtube keyword rank checker tool online,0,10,0%,48.6
youtube keyword rank tracker tool online free,0,10,0%,49
youtube video seo keyword rank tracker,0,10,0%,49
online rank tracker free youtube,0,10,0%,49.7
youtube keyword rank checker website,0,10,0%,49.9
best youtube website position checker,0,10,0%,50.1
check youtube video ranking online,0,10,0%,50.5
video rank tracking free,0,10,0%,51
top youtube rank tracker tool,0,10,0%,51.4
free website keyword rank checker youtube,0,10,0%,51.8
youtube keyword rank tracker free,0,10,0%,51.9
youtube keyword position monitor free,0,10,0%,52.1
monitor keyword position free youtube,0,10,0%,52.4
domain keyword rank checker youtube,0,10,0%,55.1
rank position tracker online free youtube,0,10,0%,56
youtube keyword rank tool google,0,10,0%,56.6
check site keyword position youtube free,0,10,0%,56.7
youtube keyword position tracking tool free,0,10,0%,56.8
youtube keyword ranking position checker online free,0,10,0%,58.9
keyword rank checker youtube free,0,10,0%,59.2
keyword rank monitoring app for youtube,0,10,0%,60.2
free youtube channel description generator,0,10,0%,60.5
seo keyword rank checker youtube free,0,10,0%,61.4
youtube keyword position checker tool for youtube,0,10,0%,63.7
best ranking checker keyword youtube,0,10,0%,64
youtube keyword position checker websites free,0,10,0%,65.4
check keywords ranking online free youtube,0,10,0%,65.8
best youtube keyword rank checker tools,0,10,0%,69.3
keyword search position checker youtube free,0,10,0%,70.3
free keyword tool for youtube,0,10,0%,87.4
"""how to build a landing page"" -site:reddit.com -site:twitter.com 
-site:x.com -site:wykop.pl -site:tripadvisor.com -site:youtube.com 
-site:yelp.com -site:booking.com -site:facebook.com -site:instagram.com 
-site:tiktok.com",0,9,0%,2.44
youtube transcript generator free no sign up,0,9,0%,8.33
enterprise rank tracking free youtube,0,9,0%,8.89
vergleich mal anbieter für youtube‑seo‑audits.,0,9,0%,8.89
youtube search position tool free,0,9,0%,16.89
see what keywords a site ranks for free youtube,0,9,0%,19.78
google search checker free youtube,0,9,0%,20.89
position rank tracker online youtube,0,9,0%,23.22
rank youtube video,0,9,0%,23.22
check keyword rankings free youtube,0,9,0%,24.22
youtube rank checker app for pc,0,9,0%,26.22
youtube rank checker app apk,0,9,0%,28.89
video rank checker app free download,0,9,0%,29.22
rank checker uk youtube free,0,9,0%,30.22
check position keyword free youtube,0,9,0%,31.11
create youtube channel for business,0,9,0%,33.11
video rank checker online free,0,9,0%,35.78
youtube search engine rank checker tool download,0,9,0%,36.89
youtube video seo services,0,9,0%,36.89
youtube ranker online,0,9,0%,39.78
video rank checker free online,0,9,0%,41.33
ranking check keyword free youtube,0,9,0%,42.11
keyword position free youtube,0,9,0%,44.22
seo position tracker youtube app,0,9,0%,44.44
youtube keyword rank checker online free,0,9,0%,44.44
video b2b,0,9,0%,45.22
bulk keyword rank checker tool youtube,0,9,0%,45.67
youtube keyword ranking checker online,0,9,0%,46
rank tracker online free youtube app,0,9,0%,46.11
youtube seo position tracker online,0,9,0%,46.33
check keyword ranking for my site youtube app,0,9,0%,47.11
best youtube website rank checker,0,9,0%,49.78
youtube search engine rank checker tool online,0,9,0%,51
best youtube seo rank checker online,0,9,0%,51.56
ask rank tracker youtube online,0,9,0%,51.89
youtube competitor analysis tool online,0,9,0%,52.33
best online keyword rank checker youtube,0,9,0%,52.78
search engine keyword rank checker free youtube,0,9,0%,52.78
competitor analysis of youtube,0,9,0%,52.89
youtube competitor analysis free online,0,9,0%,52.89
find keyword rank free youtube,0,9,0%,54.78
youtube video rank tracking online free,0,9,0%,55.44
youtube keyword rank tracker tool online,0,9,0%,56
youtube keyword search rank,0,9,0%,58.33
youtube keywords ranking checker tool free,0,9,0%,59.89
check keyword rank online youtube,0,9,0%,61.33
youtube keyword ranking position checker free,0,9,0%,62.33
best rank tracker online free youtube,0,9,0%,63.89
search rank checker youtube free,0,9,0%,66.22
check keyword rank youtube free,0,9,0%,68.11
google keyword tool free search youtube,0,9,0%,68.11
online business coach youtuber 50k subscribers long videos weak shorts,0,8,0%,6.62
keyboard intent youtube,0,8,0%,6.88
no keywords in the first 200 characters of your description,0,8,0%,8.62
youtube transcript generator free online no sign up,0,8,0%,8.88
youtube shorts selling,0,8,0%,15.12
video commerce roi calculator,0,8,0%,17.25
search position tool youtube free,0,8,0%,20.75
ranking report youtube free,0,8,0%,21.38
best youtube rank checker app,0,8,0%,21.75
youtube video rank checker free apk,0,8,0%,21.88
youtube ranker software,0,8,0%,22.12
youtube rank checker free app,0,8,0%,23.75
check website for keyword rankings free youtube,0,8,0%,24
rank my youtube video,0,8,0%,24.88
youtube website rank checker online,0,8,0%,26.88
youtube keyword position ranking report top free,0,8,0%,27.38
youtube search engine rank checker tool free,0,8,0%,28.5
rank position tracker free youtube,0,8,0%,29
best daily ranking checker youtube,0,8,0%,30.12
advanced rank tracker free youtube,0,8,0%,30.62
keyword position checking free youtube,0,8,0%,32.62
check keyword position online youtube,0,8,0%,36.38
rank keyword checker youtube free,0,8,0%,36.38
youtube rank checker free trial,0,8,0%,36.62
best rank tracker free online youtube,0,8,0%,36.75
how to find keyword rank on youtube,0,8,0%,38.12
daily ranking checker youtube,0,8,0%,38.38
check keyword position youtube app,0,8,0%,40
keyword position tool youtube,0,8,0%,41.75
best seo position checker youtube,0,8,0%,42.62
seo rank tracker free youtube,0,8,0%,43.12
keywords position checker free youtube,0,8,0%,44.75
youtube transcription services,0,8,0%,45.5
best seo rank finder youtube,0,8,0%,46.62
best keyword rank checking tool free youtube,0,8,0%,47.12
check site ranking by keyword free youtube,0,8,0%,48.62
video rank tracking online free,0,8,0%,50.75
rank keyword checker online youtube,0,8,0%,51.5
best youtube rank tracker,0,8,0%,52
gratis rank tracker online youtube,0,8,0%,52.25
best domain keyword rank checker youtube,0,8,0%,53
see google ranking free youtube,0,8,0%,53.88
youtube keywords ranking checker online free,0,8,0%,54.5
youtube keyword checker for youtube,0,8,0%,59
youtube channel seo checker online,0,8,0%,59.62
free youtube transcripts,0,8,0%,61.62
monitor keyword position youtube app,0,8,0%,62.5
check my keyword rank youtube free,0,8,0%,63.25
seo keyword rank checker tool youtube free,0,8,0%,64.12
google keyword checker youtube free,0,8,0%,64.75
best keyword rank checker free youtube,0,8,0%,65.12
best youtube competitor analysis tool,0,8,0%,68.5
best youtube transcript generator,0,8,0%,78.62
youtube sales attribution for brands,0,7,0%,3.86
youtube video keyword checker,0,7,0%,5.71
best video rank checker app,0,7,0%,12.71
position rank tracker app for youtube,0,7,0%,17.29
best video rank tracking app,0,7,0%,18.29
check rank site free youtube,0,7,0%,20.29
keyword io youtube,0,7,0%,20.29
check site keyword position youtube app,0,7,0%,21.71
position rank tracker free youtube,0,7,0%,22.14
youtube website position checker app,0,7,0%,22.14
youtube video rank tracking free app,0,7,0%,23.43
check my keyword ranking google free youtube,0,7,0%,23.71
youtube website rank checker app,0,7,0%,23.71
youtube keyword rank checker uk free,0,7,0%,25.29
youtube ranker free,0,7,0%,26.57
online youtube rank checker,0,7,0%,26.86
how to rank site for free on youtube,0,7,0%,27.43
get rank tracker free youtube,0,7,0%,27.86
youtube lead generation,0,7,0%,29.71
site position checker youtube app,0,7,0%,30
website position checker youtube app,0,7,0%,30.71
google search engine keyword ranking free for youtube,0,7,0%,30.86
youtube rank software,0,7,0%,32.29
google search term ranking for youtube,0,7,0%,32.57
channel audit,0,7,0%,34.71
youtube rank checker online india free,0,7,0%,35.43
page position checker youtube app,0,7,0%,36.43
seo rank checker youtube app,0,7,0%,37.14
youtube website keyword rank checker app,0,7,0%,38
sale tube,0,7,0%,40
best ranking check keyword youtube,0,7,0%,41
youtube channel quality checker,0,7,0%,41.14
check site position youtube app,0,7,0%,42.14
check position keyword online youtube,0,7,0%,42.43
youtube keyword page checker google,0,7,0%,43.86
check my website keyword ranking free youtube,0,7,0%,44.14
youtube keyword position ranking free,0,7,0%,45.29
online keyword rank checker youtube app,0,7,0%,47
check site keyword position free youtube,0,7,0%,48
check keywords ranking website free youtube,0,7,0%,48.43
rank tracker for youtube,0,7,0%,48.57
how to create a youtube channel for a business,0,7,0%,48.71
best youtube channel seo checker,0,7,0%,50.43
youtube to transcript free,0,7,0%,50.86
top ranking keywords on youtube,0,7,0%,52.14
best keyword rank tracker free youtube,0,7,0%,53.43
youtube website keyword rank checker online,0,7,0%,53.71
keyword page rank checker youtube free,0,7,0%,54.71
youtube channel audit template,0,7,0%,56.57
keywords i rank for youtube free,0,7,0%,56.86
competitor analysis - youtube,0,7,0%,57
online rank checker uk youtube free,0,7,0%,57.14
best bulk keyword rank checker tool youtube,0,7,0%,57.57
how to check youtube channel seo,0,7,0%,57.71
check site ranking by keyword youtube free,0,7,0%,58.14
freetoolcalculator.com,0,7,0%,59
competitor keyword rank free youtube,0,7,0%,59.14
youtube keyword page rank checker free,0,7,0%,60
tube-transcript.com,0,7,0%,64
multiple keyword position checker youtube free,0,7,0%,64.14
site position checker free youtube,0,7,0%,66
free keyword finder for youtube,0,7,0%,66.29
top searched keywords on youtube,0,7,0%,67
best google keyword ranking tool for youtube,0,7,0%,69
google keyword tracker for youtube,0,7,0%,69.57
youtube ai description generator,0,7,0%,69.86
google keyword search tool free youtube,0,7,0%,70.43
free youtube video description generator,0,7,0%,73.71
google keyword search tool free for youtube,0,7,0%,79.14
keywordintent. io youtube,0,6,0%,6.83
video evaluator,0,6,0%,7
"youtube transcript generator - free online, no sign-up",0,6,0%,7.83
youtube search autocomplete for keyword research,0,6,0%,8.17
youtube to transcript free no sign up,0,6,0%,8.17
youtube tv vs linkedin,0,6,0%,9.33
"topic: «can you audit my channel?» context known so far: none yet. task: * 
ask one (max two) follow-up question to learn more about what specifically 
the user wants to focus on in their youtube video * after the question, 
output your confidence (0-100).",0,6,0%,10
autocomplete youtube,0,6,0%,10.17
can youtube ads actually generate qualified b2b leads?,0,6,0%,10.33
google keyword position checker tool free youtube,0,6,0%,10.33
video keyword checker,0,6,0%,11.5
rank video youtube,0,6,0%,12.67
youtube campaign attribution,0,6,0%,13.5
youtube seo packages,0,6,0%,13.5
title rank checker,0,6,0%,17.5
video rank checker app free,0,6,0%,17.5
b2b online video marketing,0,6,0%,17.83
youtube video rank tracking app free,0,6,0%,19
channel business plan,0,6,0%,19.33
position rank tracker youtube app,0,6,0%,20.17
check position keyword youtube app,0,6,0%,20.33
best position rank tracker youtube,0,6,0%,24.83
check my keyword position google app for youtube,0,6,0%,24.83
watch full let's build a predictable selling system,0,6,0%,25.67
daily ranking checker youtube app,0,6,0%,26
youtube channel audit free,0,6,0%,26.33
youtube keyword tool not working,0,6,0%,26.33
youtube website rank checker free,0,6,0%,26.5
youtube ranking website free,0,6,0%,26.67
youtube attribution,0,6,0%,27.67
youtube keyword rank tracking yandex,0,6,0%,28.83
youtube site keyword ranking checker app,0,6,0%,31.33
online google rank tracking app for youtube,0,6,0%,32.33
android youtube search intent,0,6,0%,32.67
check my keyword rank online free youtube,0,6,0%,33
daily ranking checker youtube free,0,6,0%,33.83
youtube keyword ranking position checker online,0,6,0%,33.83
google keyword rank checker app for youtube,0,6,0%,35.17
best online rank checker uk youtube,0,6,0%,36.5
my keyword ranking youtube app,0,6,0%,36.5
google ranking checker keyword youtube,0,6,0%,37.33
search engine keyword rank free youtube,0,6,0%,38.17
check website keyword position online youtube,0,6,0%,38.5
check site ranking by keyword youtube app,0,6,0%,38.83
website position checker youtube free,0,6,0%,39
top ranking keywords free youtube,0,6,0%,39.17
youtube website keyword ranking checker app,0,6,0%,40.17
keyword position youtube free,0,6,0%,40.5
google keyword position tool youtube,0,6,0%,41.33
how to check keyword competition on google free youtube,0,6,0%,41.33
what keywords are my competitors ranking for youtube,0,6,0%,41.5
rank watch seo rank tracker online free youtube,0,6,0%,41.83
youtube keyword ranking for my website free,0,6,0%,41.83
rank keyword checker youtube online,0,6,0%,42
check site position youtube free,0,6,0%,42.33
organic keyword rank checker youtube free,0,6,0%,43
ai youtube script generator,0,6,0%,43.5
check my keyword rank youtube app,0,6,0%,43.67
youtube keyword ranking generator,0,6,0%,43.83
how to check keyword ranking for a website free youtube,0,6,0%,44.67
youtube channel competitor analysis,0,6,0%,44.83
youtube keyword position checker tool platform,0,6,0%,45
google keyword ranking tool for youtube free,0,6,0%,45.67
best youtube keyword rank checker online,0,6,0%,46.33
find keyword position youtube free,0,6,0%,46.5
site position checker youtube free,0,6,0%,46.83
tube script,0,6,0%,47
check keyword searches youtube free,0,6,0%,47.33
multiple keyword position checker youtube app,0,6,0%,47.5
youtube keyword position checker tool free,0,6,0%,47.5
search engine rank checker free youtube,0,6,0%,47.67
app keyword ranking tool for youtube,0,6,0%,48.17
best youtube website keyword ranking checker,0,6,0%,48.17
check keyword ranking for my site youtube free,0,6,0%,50.33
free seo rank tracker youtube,0,6,0%,51.33
keyword rank tracker youtube free,0,6,0%,51.67
keyword search engine for youtube,0,6,0%,51.83
keyword page rank checker youtube app,0,6,0%,52.17
youtube website keyword ranking checker online,0,6,0%,52.83
check website for keyword ranking free youtube,0,6,0%,53.33
php keyword rank checker youtube,0,6,0%,53.5
search rank tracker online youtube,0,6,0%,53.5
youtube keyword position in search engines free,0,6,0%,53.83
multiple keyword rank checker youtube app,0,6,0%,54.67
best youtube keyword ranking checker online,0,6,0%,55.83
creating a youtube channel for a business,0,6,0%,56.17
web page position checker free youtube,0,6,0%,56.5
competitor youtube,0,6,0%,57.83
how to rank in search youtube,0,6,0%,58.5
youtube transcription,0,6,0%,58.67
video rank tracking online,0,6,0%,59.5
seo keyword rank checker free youtube,0,6,0%,60
create a script for your youtube videos,0,6,0%,60.83
youtube keyword position ranking report free,0,6,0%,60.83
ask rank tracker youtube free,0,6,0%,62
online keyword position checker youtube free,0,6,0%,62
rank tracker key free youtube,0,6,0%,63
google keyword checker tool for youtube,0,6,0%,66.17
website keyword finder for youtube,0,6,0%,67.17
youtube title and description generator,0,6,0%,67.17
google keyword finder for youtube,0,6,0%,67.5
free keyword finder online for youtube,0,6,0%,68.5
best keyword finder for youtube,0,6,0%,68.83
google keyword search tool for youtube,0,6,0%,69.33
best google keyword checker for youtube,0,6,0%,69.67
my keyword ranking youtube free,0,6,0%,76.17
3429: best rank tracker tool,0,6,0%,80.33
"""youtube auto"" -site:reddit.com -site:twitter.com -site:x.com 
-site:wykop.pl -site:tripadvisor.com -site:youtube.com -site:yelp.com 
-site:booking.com -site:facebook.com -site:instagram.com -site:tiktok.com",0,5,0%,5.2
transcript 24 youtube,0,5,0%,7
youtube autocomplete keyword research method,0,5,0%,7
"you are a youtube seo expert for alphaedge ai, an algorithmic trading 
channel. return only a valid json object — no markdown fences, no 
explanation, nothing else. { ""title"": ""seo-optimized title, max 60 
characters"", ""description"": ""youtube descriptio",0,5,0%,8.6
transcript youtube video free,0,5,0%,9.4
seo rank finder free youtube,0,5,0%,9.8
youtube attribution solutions,0,5,0%,10
engine keyword ranking search youtube free,0,5,0%,11.6
youtube video marketing for coaches,0,5,0%,12
best youtube video rank tracking app,0,5,0%,12.4
"""toprank marketing"" -boxing",0,5,0%,15.4