Top pages,Clicks,Impressions,CTR,Position
https://sellontube.com/tools/youtube-ranking-checker,39,29646,0.13%,42.13
https://sellontube.com/tools/youtube-transcript-generator,23,1777,1.29%,19.36
https://sellontube.com/,21,203,10.34%,5.69
https://sellontube.com/tools/youtube-autocomplete-keywords,15,1070,1.4%,9.91
https://sellontube.com/tools/youtube-channel-audit,12,525,2.29%,32.18
https://sellontube.com/blog/youtube-vs-blog-shopify-app-case-study,10,102,9.8%,7.32
https://sellontube.com/blog/best-youtube-autocomplete-keyword-tools,7,3994,0.18%,9.92
https://sellontube.com/tools/youtube-competitor-analysis,5,1078,0.46%,32.63
https://sellontube.com/tools/youtube-tag-generator,4,285,1.4%,21.38
https://sellontube.com/tools/youtube-script-generator,3,914,0.33%,12.2
https://sellontube.com/tools/youtube-roi-calculator,3,611,0.49%,9.64
https://sellontube.com/blog/high-intent-topic-research-framework,2,396,0.51%,12.14
https://sellontube.com/blog/youtube-business-plan,2,358,0.56%,9.6
https://sellontube.com/blog/youtube-marketing-roi,2,144,1.39%,7.97
https://sellontube.com/tools/youtube-video-ideas-evaluator,2,116,1.72%,7.66
https://sellontube.com/how-it-works,2,60,3.33%,4.95
https://sellontube.com/about,2,50,4%,4.96
https://sellontube.com/tools,2,41,4.88%,8.34
https://sellontube.com/youtube-vs/webinars,2,31,6.45%,5.55
https://sellontube.com/blog/best-youtube-rank-checker-tools-for-business,1,7029,0.01%,32.15
https://sellontube.com/tools/youtube-description-generator,1,806,0.12%,31.5
https://sellontube.com/tools/youtube-seo-tool,1,571,0.18%,34.84
https://sellontube.com/tools/youtube-video-keyword-finder,1,553,0.18%,59.18
https://sellontube.com/tools/youtube-title-generator,1,522,0.19%,21.4
https://sellontube.com/blog/youtube-shorts-for-business,1,340,0.29%,13.27
https://sellontube.com/youtube-video-ideas,1,284,0.35%,45.1
https://sellontube.com/blog/youtube-marketing-attribution,1,230,0.43%,20.12
https://sellontube.com/blog/youtube-b2b-buyer-journey-data,1,224,0.45%,6.76
https://sellontube.com/pricing,1,174,0.57%,7.09
https://sellontube.com/blog/youtube-views-but-no-leads,1,128,0.78%,10.77
https://sellontube.com/blog/youtube-marketing-tools,1,48,2.08%,16.25
https://sellontube.com/youtube-for,1,47,2.13%,8.51
https://sellontube.com/youtube-vs/tiktok-for-saas,1,38,2.63%,10.13
https://sellontube.com/privacy-policy,1,26,3.85%,5.31
https://sellontube.com/youtube-video-ideas/agency-case-study-videos,1,19,5.26%,5.32
https://sellontube.com/youtube-for/shopify,1,6,16.67%,3.5
https://sellontube.com/blog/is-youtube-worth-it-for-business,1,6,16.67%,42.17
https://sellontube.com/youtube-for-shopify,1,4,25%,3.25
https://sellontube.com/youtube-for/real-estate,1,3,33.33%,4.67
https://sellontube.com/youtube-video-ideas/agency-niche-expertise-videos,1,3,33.33%,5.33
https://sellontube.com/blog/how-to-find-youtube-video-ranking-keywords,0,3635,0%,58.12
https://sellontube.com/blog/how-to-check-youtube-rankings,0,2786,0%,22.35
https://sellontube.com/blog/youtube-script-writing-guide,0,1477,0%,8.47
https://sellontube.com/blog/youtube-script-examples-business,0,923,0%,8.16
https://sellontube.com/blog/b2b-video-marketing-strategy,0,837,0%,35.73
https://sellontube.com/blog/youtube-channel-optimization-checklist,0,741,0%,13.31
https://sellontube.com/blog/best-youtube-video-ideas-generators-for-businesses,0,300,0%,27.46
https://sellontube.com/blog/best-youtube-seo-tools-for-business,0,281,0%,9.09
https://sellontube.com/blog/youtube-marketing-strategy,0,279,0%,34.76
https://sellontube.com/blog/how-to-find-youtube-autocomplete-keywords,0,249,0%,11.61
https://sellontube.com/blog/youtube-for-saas-demos,0,229,0%,7.75
https://sellontube.com/blog/best-youtube-transcript-generators,0,226,0%,15.18
https://sellontube.com/blog/youtube-lead-generation,0,208,0%,9.45
https://sellontube.com/blog/search-intent-youtube-seo-power,0,191,0%,8.03
https://sellontube.com/youtube-for/small-business,0,130,0%,29.35
https://sellontube.com/blog/create-youtube-channel-for-business,0,123,0%,28.43
https://sellontube.com/youtube-vs,0,96,0%,9.36
https://sellontube.com/blog/youtube-marketing-cost,0,95,0%,6.45
https://sellontube.com/youtube-vs/linkedin-for-b2b,0,95,0%,10.15
https://sellontube.com/blog/youtube-break-even-math,0,82,0%,7.9
https://sellontube.com/youtube-vs/paid-ads,0,72,0%,8.12
https://sellontube.com/blog,0,72,0%,10.42
https://sellontube.com/youtube-for/b2b-companies,0,69,0%,22.77
https://sellontube.com/blog/youtube-seo-guide,0,67,0%,10.84
https://sellontube.com/blog/youtube-marketing-b2b,0,63,0%,20.65
https://sellontube.com/tools/youtube-video-ideas-generator,0,58,0%,10.67
https://sellontube.com/blog/is-vidiq-worth-it-for-business,0,57,0%,16
https://sellontube.com/blog/when-youtube-doesnt-work,0,50,0%,8.3
https://sellontube.com/blog/youtube-description-templates,0,48,0%,6.29
https://sellontube.com/blog/youtube-roi-for-saas,0,46,0%,7.67
https://sellontube.com/blog/youtube-chapters-timestamps,0,46,0%,10.83
https://sellontube.com/youtube-vs/email-marketing,0,45,0%,6.47
https://sellontube.com/blog/youtube-analytics-other-channels,0,45,0%,11.09
https://sellontube.com/blog/youtube-vs-paid-ads-b2b,0,40,0%,9.57
https://sellontube.com/blog/b2b-video-content-ideas,0,35,0%,38.49
https://sellontube.com/youtube-video-ideas/saas-roi-proof-videos,0,33,0%,7.52
https://sellontube.com/blog/youtube-marketing-not-working,0,31,0%,9.55
https://sellontube.com/youtube-video-ideas/saas-use-case-demo-videos,0,28,0%,8.71
https://sellontube.com/youtube-for/marketing-agencies,0,27,0%,24.04
https://sellontube.com/youtube-for/fintech-companies,0,26,0%,6.04
https://sellontube.com/youtube-for/saas,0,26,0%,6.46
https://sellontube.com/blog/youtube-growth-strategy,0,26,0%,7.77
https://sellontube.com/blog/youtube-titles-for-business,0,26,0%,9.46
https://sellontube.com/youtube-video-ideas/mental-health-youtube-video-ideas,0,24,0%,6.42
https://sellontube.com/blog/why-most-youtube-strategies-fail,0,23,0%,8.22
https://sellontube.com/youtube-for/hr-software,0,22,0%,6
https://sellontube.com/youtube-vs/seo-content,0,15,0%,6.8
https://sellontube.com/youtube-video-ideas/consultant-framework-videos,0,14,0%,10.57
https://sellontube.com/youtube-video-ideas/lifestyle-youtube-video-ideas,0,14,0%,18.14
https://sellontube.com/blog/youtube-marketing-plan,0,12,0%,6.33
https://sellontube.com/youtube-for/coaches,0,12,0%,7.83
https://sellontube.com/blog/youtube-seo-for-business,0,11,0%,5.27
https://sellontube.com/blog/youtube-autocomplete-b2b-research,0,11,0%,8.36
https://sellontube.com/youtube-for-coaches,0,11,0%,10.45
https://sellontube.com/youtube-video-ideas/beauty-and-fashion-youtube-video-ideas,0,10,0%,6.2
https://sellontube.com/youtube-for/financial-advisors,0,9,0%,4.33
https://sellontube.com/youtube-video-ideas/consultant-case-study-videos,0,9,0%,6.56
https://sellontube.com/youtube-for/management-consultants,0,9,0%,6.78
https://sellontube.com/blog/youtube-keyword-research,0,9,0%,8.56
https://sellontube.com/youtube-for/consultants,0,8,0%,4
https://sellontube.com/youtube-for/business-coaches,0,8,0%,6.88
https://sellontube.com/youtube-vs/facebook,0,8,0%,6.88
https://sellontube.com/tools/,0,7,0%,6.86
https://sellontube.com/blog/youtube-competitor-analysis,0,7,0%,7.29
https://sellontube.com/blog/youtube-content-strategy-guide,0,7,0%,7.43
https://sellontube.com/terms-of-service,0,7,0%,7.86
https://sellontube.com/youtube-for/marketplaces,0,7,0%,7.86
https://sellontube.com/youtube-video-ideas/saas-comparison-videos,0,7,0%,8.14
https://sellontube.com/youtube-video-ideas/fitness-youtube-video-ideas,0,7,0%,9.14
https://sellontube.com/blog/the-youtube-acquisition-engine,0,6,0%,4.83
https://sellontube.com/youtube-video-ideas/agency-audit-walkthrough-videos,0,6,0%,6
https://sellontube.com/youtube-vs/podcasting,0,6,0%,16.83
https://sellontube.com/youtube-video-ideas/coach-vs-therapist-videos,0,6,0%,31.83
https://sellontube.com/youtube-for/agencies,0,5,0%,3.6
https://sellontube.com/youtube-for/course-creators,0,5,0%,6.4
https://sellontube.com/youtube-for/cybersecurity-companies,0,5,0%,7.6
https://sellontube.com/youtube-vs/instagram-for-saas,0,5,0%,7.6
https://sellontube.com/youtube-video-ideas/saas-pricing-breakdown-videos,0,5,0%,12.2
https://sellontube.com/youtube-video-ideas/agency-results-proof-videos,0,5,0%,21.8
https://sellontube.com/youtube-video-ideas/video-editors-youtube-video-ideas,0,5,0%,23.2
https://sellontube.com/youtube-video-ideas/coach-methodology-videos,0,4,0%,3
https://sellontube.com/youtube-for/insurance-agents,0,4,0%,3.5
https://sellontube.com/youtube-for/dental-practices,0,4,0%,7.5
https://sellontube.com/youtube-video-ideas/saas-buyer-guide-videos,0,4,0%,8.75
https://sellontube.com/youtube-vs/content-marketing,0,4,0%,9.75
https://sellontube.com/youtube-for/law-firms,0,4,0%,10.25
https://sellontube.com/youtube-for/edtech-companies,0,4,0%,25
https://sellontube.com/youtube-video-ideas/consultant-step-by-step-videos,0,4,0%,31.25
https://sellontube.com/youtube-topics/consultant-framework-videos,0,3,0%,3.67
https://sellontube.com/youtube-for/startup-founders,0,3,0%,4
https://sellontube.com/youtube-video-ideas/agency-red-flags-videos,0,3,0%,5.33
https://sellontube.com/youtube-for/accountants,0,3,0%,6
https://sellontube.com/youtube-video-ideas/musicians-youtube-video-ideas,0,3,0%,8.33
https://sellontube.com/youtube-video-ideas/saas-competitor-alternative-videos,0,3,0%,8.33
https://sellontube.com/youtube-video-ideas/make-money-youtube-video-ideas,0,3,0%,10.67
https://sellontube.com/youtube-vs/instagram,0,3,0%,11.67
https://sellontube.com/youtube-video-ideas/b2b-buyer-guide-videos,0,3,0%,35
https://sellontube.com/youtube-for/,0,2,0%,5
https://sellontube.com/youtube-video-ideas/real-estate-agents-youtube-video-ideas,0,2,0%,5
https://sellontube.com/youtube-vs/community-building,0,2,0%,5.5
https://sellontube.com/youtube-video-ideas/b2b-vendor-comparison-videos,0,2,0%,6
https://sellontube.com/shopify-app/tools/shopify-app-store-listing-grader,0,2,0%,7
https://sellontube.com/youtube-for/mortgage-brokers,0,2,0%,7.5
https://sellontube.com/youtube-video-ideas/saas-migration-videos,0,2,0%,8
https://sellontube.com/youtube-video-ideas/coach-results-videos,0,2,0%,9.5
https://sellontube.com/youtube-video-ideas/consultant-pricing-videos,0,2,0%,10
https://sellontube.com/youtube-video-ideas/consultant-industry-analysis-videos,0,2,0%,23.5
https://sellontube.com/youtube-video-ideas/b2b-niche-expertise-videos,0,2,0%,35.5
https://sellontube.com/youtube-for-agencies,0,1,0%,4
https://sellontube.com/youtube-for/recruiting-firms,0,1,0%,4
https://sellontube.com/product-pricing,0,1,0%,5
https://sellontube.com/youtube-video-ideas/agency-pricing-structure-videos,0,1,0%,6
https://sellontube.com/youtube-video-ideas/b2b-results-proof-videos,0,1,0%,6
https://sellontube.com/youtube-video-ideas/consultant-myth-busting-videos,0,1,0%,6
https://sellontube.com/category/youtube-strategy,0,1,0%,8
https://sellontube.com/youtube-for/subscription-businesses,0,1,0%,8
https://sellontube.com/youtube-video-ideas/photographers-youtube-video-ideas,0,1,0%,8
https://sellontube.com/youtube-vs/linkedin-for-agencies,0,1,0%,8
https://sellontube.com/youtube-video-ideas/saas-category-explainer-videos,0,1,0%,9
https://sellontube.com/youtube-video-ideas/coach-niche-expertise-videos,0,1,0%,10
https://sellontube.com/youtube-vs/referral-marketing,0,1,0%,10
https://sellontube.com/blog/ai-tools-for-youtube,0,1,0%,18
https://sellontube.com/youtube-video-ideas/consultant-vs-hire-videos,0,1,0%,18
https://sellontube.com/youtube-video-ideas/agency-process-transparency-videos,0,1,0%,26